This file contains any messages produced by compilers while
running configure, to aid debugging if configure makes a mistake.

It was created by Floofy Core configure 1.0.1, which was
generated by GNU Autoconf 2.69.  Invocation command line was

  $ ./configure 

## --------- ##
## Platform. ##
## --------- ##

hostname = pool
uname -m = x86_64
uname -r = 5.4.0-205-generic
uname -s = Linux
uname -v = #225-Ubuntu SMP Fri Jan 10 22:23:35 UTC 2025

/usr/bin/uname -p = x86_64
/bin/uname -X     = unknown

/bin/arch              = x86_64
/usr/bin/arch -k       = unknown
/usr/convex/getsysinfo = unknown
/usr/bin/hostinfo      = unknown
/bin/machine           = unknown
/usr/bin/oslevel       = unknown
/bin/universe          = unknown

PATH: /usr/local/sbin
PATH: /usr/local/bin
PATH: /usr/sbin
PATH: /usr/bin
PATH: /sbin
PATH: /bin
PATH: /usr/games
PATH: /usr/local/games
PATH: /snap/bin


## ----------- ##
## Core tests. ##
## ----------- ##

configure:3007: checking build system type
configure:3021: result: x86_64-pc-linux-gnu
configure:3041: checking host system type
configure:3054: result: x86_64-pc-linux-gnu
configure:3097: checking for a BSD-compatible install
configure:3165: result: /usr/bin/install -c
configure:3176: checking whether build environment is sane
configure:3231: result: yes
configure:3380: checking for a thread-safe mkdir -p
configure:3419: result: /usr/bin/mkdir -p
configure:3426: checking for gawk
configure:3442: found /usr/bin/gawk
configure:3453: result: gawk
configure:3464: checking whether make sets $(MAKE)
configure:3486: result: yes
configure:3515: checking whether make supports nested variables
configure:3532: result: yes
configure:3651: checking whether to enable maintainer-specific portions of Makefiles
configure:3660: result: yes
configure:3685: checking whether make supports nested variables
configure:3702: result: yes
configure:3777: checking for g++
configure:3793: found /usr/bin/g++
configure:3804: result: g++
configure:3831: checking for C++ compiler version
configure:3840: g++ --version >&5
g++ (Ubuntu 8.4.0-3ubuntu2) 8.4.0
Copyright (C) 2018 Free Software Foundation, Inc.
This is free software; see the source for copying conditions.  There is NO
warranty; not even for MERCHANTABILITY or FITNESS FOR A PARTICULAR PURPOSE.

configure:3851: $? = 0
configure:3840: g++ -v >&5
Using built-in specs.
COLLECT_GCC=g++
COLLECT_LTO_WRAPPER=/usr/lib/gcc/x86_64-linux-gnu/8/lto-wrapper
OFFLOAD_TARGET_NAMES=nvptx-none
OFFLOAD_TARGET_DEFAULT=1
Target: x86_64-linux-gnu
Configured with: ../src/configure -v --with-pkgversion='Ubuntu 8.4.0-3ubuntu2' --with-bugurl=file:///usr/share/doc/gcc-8/README.Bugs --enable-languages=c,ada,c++,go,brig,d,fortran,objc,obj-c++ --prefix=/usr --with-gcc-major-version-only --program-suffix=-8 --program-prefix=x86_64-linux-gnu- --enable-shared --enable-linker-build-id --libexecdir=/usr/lib --without-included-gettext --enable-threads=posix --libdir=/usr/lib --enable-nls --enable-bootstrap --enable-clocale=gnu --enable-libstdcxx-debug --enable-libstdcxx-time=yes --with-default-libstdcxx-abi=new --enable-gnu-unique-object --disable-vtable-verify --enable-libmpx --enable-plugin --enable-default-pie --with-system-zlib --with-target-system-zlib=auto --enable-objc-gc=auto --enable-multiarch --disable-werror --with-arch-32=i686 --with-abi=m64 --with-multilib-list=m32,m64,mx32 --enable-multilib --with-tune=generic --enable-offload-targets=nvptx-none --without-cuda-driver --enable-checking=release --build=x86_64-linux-gnu --host=x86_64-linux-gnu --target=x86_64-linux-gnu
Thread model: posix
gcc version 8.4.0 (Ubuntu 8.4.0-3ubuntu2) 
configure:3851: $? = 0
configure:3840: g++ -V >&5
g++: error: unrecognized command line option '-V'
g++: fatal error: no input files
compilation terminated.
configure:3851: $? = 1
configure:3840: g++ -qversion >&5
g++: error: unrecognized command line option '-qversion'; did you mean '--version'?
g++: fatal error: no input files
compilation terminated.
configure:3851: $? = 1
configure:3871: checking whether the C++ compiler works
configure:3893: g++    conftest.cpp  >&5
configure:3897: $? = 0
configure:3945: result: yes
configure:3948: checking for C++ compiler default output file name
configure:3950: result: a.out
configure:3956: checking for suffix of executables
configure:3963: g++ -o conftest    conftest.cpp  >&5
configure:3967: $? = 0
configure:3989: result: 
configure:4011: checking whether we are cross compiling
configure:4019: g++ -o conftest    conftest.cpp  >&5
configure:4023: $? = 0
configure:4030: ./conftest
configure:4034: $? = 0
configure:4022: result: no
configure:4027: checking for suffix of object files
configure:4049: g++ -c   conftest.cpp >&5
configure:4053: $? = 0
configure:4074: result: o
configure:4078: checking whether we are using the GNU C++ compiler
configure:4097: g++ -c   conftest.cpp >&5
configure:4097: $? = 0
configure:4106: result: yes
configure:4115: checking whether g++ accepts -g
configure:4135: g++ -c -g  conftest.cpp >&5
configure:4135: $? = 0
configure:4176: result: yes
configure:4202: checking whether make supports the include directive
configure:4217: make -f confmf.GNU && cat confinc.out
this is the am__doit target
configure:4220: $? = 0
configure:4239: result: yes (GNU style)
configure:4264: checking dependency style of g++
configure:4375: result: gcc3
configure:5801: checking whether g++ supports C++11 features with -std=c++11
configure:6103: g++ -std=c++11 -c -g -O2  conftest.cpp >&5
configure:6103: $? = 0
configure:6112: result: yes
configure:6163: checking whether std::atomic can be used without link library
configure:6181: g++ -std=c++11 -o conftest -g -O2   conftest.cpp  >&5
configure:6181: $? = 0
configure:6183: result: yes
configure:6348: checking for Objective C++ compiler version
configure:6357: g++ -std=c++11 --version >&5
g++ (Ubuntu 8.4.0-3ubuntu2) 8.4.0
Copyright (C) 2018 Free Software Foundation, Inc.
This is free software; see the source for copying conditions.  There is NO
warranty; not even for MERCHANTABILITY or FITNESS FOR A PARTICULAR PURPOSE.

configure:6368: $? = 0
configure:6357: g++ -std=c++11 -v >&5
Using built-in specs.
COLLECT_GCC=g++
COLLECT_LTO_WRAPPER=/usr/lib/gcc/x86_64-linux-gnu/8/lto-wrapper
OFFLOAD_TARGET_NAMES=nvptx-none
OFFLOAD_TARGET_DEFAULT=1
Target: x86_64-linux-gnu
Configured with: ../src/configure -v --with-pkgversion='Ubuntu 8.4.0-3ubuntu2' --with-bugurl=file:///usr/share/doc/gcc-8/README.Bugs --enable-languages=c,ada,c++,go,brig,d,fortran,objc,obj-c++ --prefix=/usr --with-gcc-major-version-only --program-suffix=-8 --program-prefix=x86_64-linux-gnu- --enable-shared --enable-linker-build-id --libexecdir=/usr/lib --without-included-gettext --enable-threads=posix --libdir=/usr/lib --enable-nls --enable-bootstrap --enable-clocale=gnu --enable-libstdcxx-debug --enable-libstdcxx-time=yes --with-default-libstdcxx-abi=new --enable-gnu-unique-object --disable-vtable-verify --enable-libmpx --enable-plugin --enable-default-pie --with-system-zlib --with-target-system-zlib=auto --enable-objc-gc=auto --enable-multiarch --disable-werror --with-arch-32=i686 --with-abi=m64 --with-multilib-list=m32,m64,mx32 --enable-multilib --with-tune=generic --enable-offload-targets=nvptx-none --without-cuda-driver --enable-checking=release --build=x86_64-linux-gnu --host=x86_64-linux-gnu --target=x86_64-linux-gnu
Thread model: posix
gcc version 8.4.0 (Ubuntu 8.4.0-3ubuntu2) 
configure:6368: $? = 0
configure:6357: g++ -std=c++11 -V >&5
g++: error: unrecognized command line option '-V'
g++: fatal error: no input files
compilation terminated.
configure:6368: $? = 1
configure:6357: g++ -std=c++11 -qversion >&5
g++: error: unrecognized command line option '-qversion'; did you mean '--version'?
g++: fatal error: no input files
compilation terminated.
configure:6368: $? = 1
configure:6372: checking whether we are using the GNU Objective C++ compiler
configure:6391: g++ -std=c++11 -c   conftest.mm >&5
g++: error trying to exec 'cc1objplus': execvp: No such file or directory
configure:6391: $? = 1
configure: failed program was:
| /* confdefs.h */
| #define PACKAGE_NAME "Floofy Core"
| #define PACKAGE_TARNAME "floofy"
| #define PACKAGE_VERSION "1.0.1"
| #define PACKAGE_STRING "Floofy Core 1.0.1"
| #define PACKAGE_BUGREPORT "https://github.com/floofy/floofy/issues"
| #define PACKAGE_URL "https://floofy.com/"
| #define HAVE_CXX11 1
| /* end confdefs.h.  */
| 
| int
| main ()
| {
| #ifndef __GNUC__
|        choke me
| #endif
| 
|   ;
|   return 0;
| }
configure:6400: result: no
configure:6409: checking whether g++ -std=c++11 accepts -g
configure:6429: g++ -std=c++11 -c -g  conftest.mm >&5
g++: error trying to exec 'cc1objplus': execvp: No such file or directory
configure:6429: $? = 1
configure: failed program was:
| /* confdefs.h */
| #define PACKAGE_NAME "Floofy Core"
| #define PACKAGE_TARNAME "floofy"
| #define PACKAGE_VERSION "1.0.1"
| #define PACKAGE_STRING "Floofy Core 1.0.1"
| #define PACKAGE_BUGREPORT "https://github.com/floofy/floofy/issues"
| #define PACKAGE_URL "https://floofy.com/"
| #define HAVE_CXX11 1
| /* end confdefs.h.  */
| 
| int
| main ()
| {
| 
|   ;
|   return 0;
| }
configure:6444: g++ -std=c++11 -c   conftest.mm >&5
g++: error trying to exec 'cc1objplus': execvp: No such file or directory
configure:6444: $? = 1
configure: failed program was:
| /* confdefs.h */
| #define PACKAGE_NAME "Floofy Core"
| #define PACKAGE_TARNAME "floofy"
| #define PACKAGE_VERSION "1.0.1"
| #define PACKAGE_STRING "Floofy Core 1.0.1"
| #define PACKAGE_BUGREPORT "https://github.com/floofy/floofy/issues"
| #define PACKAGE_URL "https://floofy.com/"
| #define HAVE_CXX11 1
| /* end confdefs.h.  */
| 
| int
| main ()
| {
| 
|   ;
|   return 0;
| }
configure:6460: g++ -std=c++11 -c -g  conftest.mm >&5
g++: error trying to exec 'cc1objplus': execvp: No such file or directory
configure:6460: $? = 1
configure: failed program was:
| /* confdefs.h */
| #define PACKAGE_NAME "Floofy Core"
| #define PACKAGE_TARNAME "floofy"
| #define PACKAGE_VERSION "1.0.1"
| #define PACKAGE_STRING "Floofy Core 1.0.1"
| #define PACKAGE_BUGREPORT "https://github.com/floofy/floofy/issues"
| #define PACKAGE_URL "https://floofy.com/"
| #define HAVE_CXX11 1
| /* end confdefs.h.  */
| 
| int
| main ()
| {
| 
|   ;
|   return 0;
| }
configure:6470: result: no
configure:6495: checking dependency style of g++ -std=c++11
configure:6604: result: gcc3
configure:6667: checking how to print strings
configure:6694: result: printf
configure:6763: checking for gcc
configure:6779: found /usr/bin/gcc
configure:6790: result: gcc
configure:7019: checking for C compiler version
configure:7028: gcc --version >&5
gcc (Ubuntu 8.4.0-3ubuntu2) 8.4.0
Copyright (C) 2018 Free Software Foundation, Inc.
This is free software; see the source for copying conditions.  There is NO
warranty; not even for MERCHANTABILITY or FITNESS FOR A PARTICULAR PURPOSE.

configure:7039: $? = 0
configure:7028: gcc -v >&5
Using built-in specs.
COLLECT_GCC=gcc
COLLECT_LTO_WRAPPER=/usr/lib/gcc/x86_64-linux-gnu/8/lto-wrapper
OFFLOAD_TARGET_NAMES=nvptx-none
OFFLOAD_TARGET_DEFAULT=1
Target: x86_64-linux-gnu
Configured with: ../src/configure -v --with-pkgversion='Ubuntu 8.4.0-3ubuntu2' --with-bugurl=file:///usr/share/doc/gcc-8/README.Bugs --enable-languages=c,ada,c++,go,brig,d,fortran,objc,obj-c++ --prefix=/usr --with-gcc-major-version-only --program-suffix=-8 --program-prefix=x86_64-linux-gnu- --enable-shared --enable-linker-build-id --libexecdir=/usr/lib --without-included-gettext --enable-threads=posix --libdir=/usr/lib --enable-nls --enable-bootstrap --enable-clocale=gnu --enable-libstdcxx-debug --enable-libstdcxx-time=yes --with-default-libstdcxx-abi=new --enable-gnu-unique-object --disable-vtable-verify --enable-libmpx --enable-plugin --enable-default-pie --with-system-zlib --with-target-system-zlib=auto --enable-objc-gc=auto --enable-multiarch --disable-werror --with-arch-32=i686 --with-abi=m64 --with-multilib-list=m32,m64,mx32 --enable-multilib --with-tune=generic --enable-offload-targets=nvptx-none --without-cuda-driver --enable-checking=release --build=x86_64-linux-gnu --host=x86_64-linux-gnu --target=x86_64-linux-gnu
Thread model: posix
gcc version 8.4.0 (Ubuntu 8.4.0-3ubuntu2) 
configure:7039: $? = 0
configure:7028: gcc -V >&5
gcc: error: unrecognized command line option '-V'
gcc: fatal error: no input files
compilation terminated.
configure:7039: $? = 1
configure:7028: gcc -qversion >&5
gcc: error: unrecognized command line option '-qversion'; did you mean '--version'?
gcc: fatal error: no input files
compilation terminated.
configure:7039: $? = 1
configure:7043: checking whether we are using the GNU C compiler
configure:7062: gcc -c   conftest.c >&5
configure:7062: $? = 0
configure:7071: result: yes
configure:7080: checking whether gcc accepts -g
configure:7100: gcc -c -g  conftest.c >&5
configure:7100: $? = 0
configure:7141: result: yes
configure:7158: checking for gcc option to accept ISO C89
configure:7221: gcc  -c -g -O2  conftest.c >&5
configure:7221: $? = 0
configure:7234: result: none needed
configure:7259: checking whether gcc understands -c and -o together
configure:7281: gcc -c conftest.c -o conftest2.o
configure:7284: $? = 0
configure:7281: gcc -c conftest.c -o conftest2.o
configure:7284: $? = 0
configure:7296: result: yes
configure:7315: checking dependency style of gcc
configure:7426: result: gcc3
configure:7441: checking for a sed that does not truncate output
configure:7505: result: /usr/bin/sed
configure:7523: checking for grep that handles long lines and -e
configure:7581: result: /usr/bin/grep
configure:7586: checking for egrep
configure:7648: result: /usr/bin/grep -E
configure:7653: checking for fgrep
configure:7715: result: /usr/bin/grep -F
configure:7750: checking for ld used by gcc
configure:7817: result: /usr/bin/ld
configure:7824: checking if the linker (/usr/bin/ld) is GNU ld
configure:7839: result: yes
configure:7851: checking for BSD- or MS-compatible name lister (nm)
configure:7905: result: /usr/bin/nm -B
configure:8035: checking the name lister (/usr/bin/nm -B) interface
configure:8042: gcc -c -g -O2  conftest.c >&5
configure:8045: /usr/bin/nm -B "conftest.o"
configure:8048: output
0000000000000000 B some_variable
configure:8049: result: BSD nm
configure:8052: checking whether ln -s works
configure:8056: result: yes
configure:8064: checking the maximum length of command line arguments
configure:8195: result: 1572864
configure:8243: checking how to convert x86_64-pc-linux-gnu file names to x86_64-pc-linux-gnu format
configure:8283: result: func_convert_file_noop
configure:8290: checking how to convert x86_64-pc-linux-gnu file names to toolchain format
configure:8310: result: func_convert_file_noop
configure:8317: checking for /usr/bin/ld option to reload object files
configure:8324: result: -r
configure:8398: checking for objdump
configure:8414: found /usr/bin/objdump
configure:8425: result: objdump
configure:8457: checking how to recognize dependent libraries
configure:8657: result: pass_all
configure:8742: checking for dlltool
configure:8772: result: no
configure:8802: checking how to associate runtime and link libraries
configure:8829: result: printf %s\n
configure:8890: checking for ar
configure:8906: found /usr/bin/ar
configure:8917: result: ar
configure:8954: checking for archiver @FILE support
configure:8971: gcc -c -g -O2  conftest.c >&5
configure:8971: $? = 0
configure:8974: ar cr libconftest.a @conftest.lst >&5
configure:8977: $? = 0
configure:8982: ar cr libconftest.a @conftest.lst >&5
ar: conftest.o: No such file or directory
configure:8985: $? = 1
configure:8984: result: @
configure:9042: checking for strip
configure:9058: found /usr/bin/strip
configure:9069: result: strip
configure:9141: checking for ranlib
configure:9157: found /usr/bin/ranlib
configure:9168: result: ranlib
configure:9270: checking command to parse /usr/bin/nm -B output from gcc object
configure:9423: gcc -c -g -O2  conftest.c >&5
configure:9426: $? = 0
configure:9430: /usr/bin/nm -B conftest.o | sed -n -e 's/^.*[	 ]\([ABCDGIRSTW][ABCDGIRSTW]*\)[	 ][	 ]*\([_A-Za-z][_A-Za-z0-9]*\)$/\1 \2 \2/p' | sed '/ __gnu_lto/d' > conftest.nm
configure:9496: gcc -o conftest -g -O2   conftest.c conftstm.o >&5
configure:9499: $? = 0
configure:9537: result: ok
configure:9584: checking for sysroot
configure:9614: result: no
configure:9621: checking for a working dd
configure:9659: result: /usr/bin/dd
configure:9663: checking how to truncate binary pipes
configure:9678: result: /usr/bin/dd bs=4096 count=1
configure:9814: gcc -c -g -O2  conftest.c >&5
configure:9817: $? = 0
configure:10007: checking for mt
configure:10023: found /usr/bin/mt
configure:10034: result: mt
configure:10057: checking if mt is a manifest tool
configure:10063: mt '-?'
configure:10071: result: no
configure:10748: checking how to run the C preprocessor
configure:10779: gcc -E  conftest.c
configure:10779: $? = 0
configure:10793: gcc -E  conftest.c
conftest.c:10:10: fatal error: ac_nonexistent.h: No such file or directory
 #include <ac_nonexistent.h>
          ^~~~~~~~~~~~~~~~~~
compilation terminated.
configure:10793: $? = 1
configure: failed program was:
| /* confdefs.h */
| #define PACKAGE_NAME "Floofy Core"
| #define PACKAGE_TARNAME "floofy"
| #define PACKAGE_VERSION "1.0.1"
| #define PACKAGE_STRING "Floofy Core 1.0.1"
| #define PACKAGE_BUGREPORT "https://github.com/floofy/floofy/issues"
| #define PACKAGE_URL "https://floofy.com/"
| #define HAVE_CXX11 1
| /* end confdefs.h.  */
| #include <ac_nonexistent.h>
configure:10818: result: gcc -E
configure:10838: gcc -E  conftest.c
configure:10838: $? = 0
configure:10852: gcc -E  conftest.c
conftest.c:10:10: fatal error: ac_nonexistent.h: No such file or directory
 #include <ac_nonexistent.h>
          ^~~~~~~~~~~~~~~~~~
compilation terminated.
configure:10852: $? = 1
configure: failed program was:
| /* confdefs.h */
| #define PACKAGE_NAME "Floofy Core"
| #define PACKAGE_TARNAME "floofy"
| #define PACKAGE_VERSION "1.0.1"
| #define PACKAGE_STRING "Floofy Core 1.0.1"
| #define PACKAGE_BUGREPORT "https://github.com/floofy/floofy/issues"
| #define PACKAGE_URL "https://floofy.com/"
| #define HAVE_CXX11 1
| /* end confdefs.h.  */
| #include <ac_nonexistent.h>
configure:10881: checking for ANSI C header files
configure:10901: gcc -c -g -O2  conftest.c >&5
configure:10901: $? = 0
configure:10974: gcc -o conftest -g -O2   conftest.c  >&5
configure:10974: $? = 0
configure:10974: ./conftest
configure:10974: $? = 0
configure:10985: result: yes
configure:10998: checking for sys/types.h
configure:10998: gcc -c -g -O2  conftest.c >&5
configure:10998: $? = 0
configure:10998: result: yes
configure:10998: checking for sys/stat.h
configure:10998: gcc -c -g -O2  conftest.c >&5
configure:10998: $? = 0
configure:10998: result: yes
configure:10998: checking for stdlib.h
configure:10998: gcc -c -g -O2  conftest.c >&5
configure:10998: $? = 0
configure:10998: result: yes
configure:10998: checking for string.h
configure:10998: gcc -c -g -O2  conftest.c >&5
configure:10998: $? = 0
configure:10998: result: yes
configure:10998: checking for memory.h
configure:10998: gcc -c -g -O2  conftest.c >&5
configure:10998: $? = 0
configure:10998: result: yes
configure:10998: checking for strings.h
configure:10998: gcc -c -g -O2  conftest.c >&5
configure:10998: $? = 0
configure:10998: result: yes
configure:10998: checking for inttypes.h
configure:10998: gcc -c -g -O2  conftest.c >&5
configure:10998: $? = 0
configure:10998: result: yes
configure:10998: checking for stdint.h
configure:10998: gcc -c -g -O2  conftest.c >&5
configure:10998: $? = 0
configure:10998: result: yes
configure:10998: checking for unistd.h
configure:10998: gcc -c -g -O2  conftest.c >&5
configure:10998: $? = 0
configure:10998: result: yes
configure:11012: checking for dlfcn.h
configure:11012: gcc -c -g -O2  conftest.c >&5
configure:11012: $? = 0
configure:11012: result: yes
configure:11277: checking for objdir
configure:11292: result: .libs
configure:11556: checking if gcc supports -fno-rtti -fno-exceptions
configure:11574: gcc -c -g -O2  -fno-rtti -fno-exceptions conftest.c >&5
cc1: warning: command line option '-fno-rtti' is valid for C++/ObjC++ but not for C
configure:11578: $? = 0
configure:11591: result: no
configure:11955: checking for gcc option to produce PIC
configure:11962: result: -fPIC -DPIC
configure:11970: checking if gcc PIC flag -fPIC -DPIC works
configure:11988: gcc -c -g -O2  -fPIC -DPIC -DPIC conftest.c >&5
configure:11992: $? = 0
configure:12005: result: yes
configure:12034: checking if gcc static flag -static works
configure:12062: result: yes
configure:12077: checking if gcc supports -c -o file.o
configure:12098: gcc -c -g -O2  -o out/conftest2.o conftest.c >&5
configure:12102: $? = 0
configure:12124: result: yes
configure:12132: checking if gcc supports -c -o file.o
configure:12179: result: yes
configure:12212: checking whether the gcc linker (/usr/bin/ld -m elf_x86_64) supports shared libraries
configure:13475: result: yes
configure:13512: checking whether -lc should be explicitly linked in
configure:13520: gcc -c -g -O2  conftest.c >&5
configure:13523: $? = 0
configure:13538: gcc -shared  -fPIC -DPIC conftest.o  -v -Wl,-soname -Wl,conftest -o conftest 2\>\&1 \| /usr/bin/grep  -lc  \>/dev/null 2\>\&1
configure:13541: $? = 0
configure:13555: result: no
configure:13715: checking dynamic linker characteristics
configure:14296: gcc -o conftest -g -O2   -Wl,-rpath -Wl,/foo conftest.c  >&5
configure:14296: $? = 0
configure:14545: result: GNU/Linux ld.so
configure:14667: checking how to hardcode library paths into programs
configure:14692: result: immediate
configure:15240: checking whether stripping libraries is possible
configure:15245: result: yes
configure:15280: checking if libtool supports shared libraries
configure:15282: result: yes
configure:15285: checking whether to build shared libraries
configure:15310: result: yes
configure:15313: checking whether to build static libraries
configure:15317: result: yes
configure:12116: checking how to run the C++ preprocessor
configure:12143: g++ -std=c++11 -E  conftest.cpp
configure:12143: $? = 0
configure:12157: g++ -std=c++11 -E  conftest.cpp
conftest.cpp:22:10: fatal error: ac_nonexistent.h: No such file or directory
 #include <ac_nonexistent.h>
          ^~~~~~~~~~~~~~~~~~
compilation terminated.
configure:12157: $? = 1
configure: failed program was:
| /* confdefs.h */
| #define PACKAGE_NAME "Floofy Core"
| #define PACKAGE_TARNAME "floofy"
| #define PACKAGE_VERSION "1.0.1"
| #define PACKAGE_STRING "Floofy Core 1.0.1"
| #define PACKAGE_BUGREPORT "https://github.com/floofy/floofy/issues"
| #define PACKAGE_URL "https://floofy.com/"
| #define HAVE_CXX11 1
| #define STDC_HEADERS 1
| #define HAVE_SYS_TYPES_H 1
| #define HAVE_SYS_STAT_H 1
| #define HAVE_STDLIB_H 1
| #define HAVE_STRING_H 1
| #define HAVE_MEMORY_H 1
| #define HAVE_STRINGS_H 1
| #define HAVE_INTTYPES_H 1
| #define HAVE_STDINT_H 1
| #define HAVE_UNISTD_H 1
| #define HAVE_DLFCN_H 1
| #define LT_OBJDIR ".libs/"
| /* end confdefs.h.  */
| #include <ac_nonexistent.h>
configure:12182: result: g++ -std=c++11 -E
configure:12202: g++ -std=c++11 -E  conftest.cpp
configure:12202: $? = 0
configure:12216: g++ -std=c++11 -E  conftest.cpp
conftest.cpp:22:10: fatal error: ac_nonexistent.h: No such file or directory
 #include <ac_nonexistent.h>
          ^~~~~~~~~~~~~~~~~~
compilation terminated.
configure:12216: $? = 1
configure: failed program was:
| /* confdefs.h */
| #define PACKAGE_NAME "Floofy Core"
| #define PACKAGE_TARNAME "floofy"
| #define PACKAGE_VERSION "1.0.1"
| #define PACKAGE_STRING "Floofy Core 1.0.1"
| #define PACKAGE_BUGREPORT "https://github.com/floofy/floofy/issues"
| #define PACKAGE_URL "https://floofy.com/"
| #define HAVE_CXX11 1
| #define STDC_HEADERS 1
| #define HAVE_SYS_TYPES_H 1
| #define HAVE_SYS_STAT_H 1
| #define HAVE_STDLIB_H 1
| #define HAVE_STRING_H 1
| #define HAVE_MEMORY_H 1
| #define HAVE_STRINGS_H 1
| #define HAVE_INTTYPES_H 1
| #define HAVE_STDINT_H 1
| #define HAVE_UNISTD_H 1
| #define HAVE_DLFCN_H 1
| #define LT_OBJDIR ".libs/"
| /* end confdefs.h.  */
| #include <ac_nonexistent.h>
configure:12378: checking for ld used by g++ -std=c++11
configure:12445: result: /usr/bin/ld -m elf_x86_64
configure:12452: checking if the linker (/usr/bin/ld -m elf_x86_64) is GNU ld
configure:12467: result: yes
configure:12522: checking whether the g++ -std=c++11 linker (/usr/bin/ld -m elf_x86_64) supports shared libraries
configure:13595: result: yes
configure:13631: g++ -std=c++11 -c -g -O2  conftest.cpp >&5
configure:13634: $? = 0
configure:14115: checking for g++ -std=c++11 option to produce PIC
configure:14122: result: -fPIC -DPIC
configure:14130: checking if g++ -std=c++11 PIC flag -fPIC -DPIC works
configure:14148: g++ -std=c++11 -c -g -O2  -fPIC -DPIC -DPIC conftest.cpp >&5
configure:14152: $? = 0
configure:14165: result: yes
configure:14188: checking if g++ -std=c++11 static flag -static works
configure:14216: result: yes
configure:14228: checking if g++ -std=c++11 supports -c -o file.o
configure:14249: g++ -std=c++11 -c -g -O2  -o out/conftest2.o conftest.cpp >&5
configure:14253: $? = 0
configure:14275: result: yes
configure:14280: checking if g++ -std=c++11 supports -c -o file.o
configure:14327: result: yes
configure:14357: checking whether the g++ -std=c++11 linker (/usr/bin/ld -m elf_x86_64) supports shared libraries
configure:14400: result: yes
configure:14541: checking dynamic linker characteristics
configure:15298: result: GNU/Linux ld.so
configure:15363: checking how to hardcode library paths into programs
configure:15388: result: immediate
configure:14327: checking for ar
configure:14345: found /usr/bin/ar
configure:14357: result: /usr/bin/ar
configure:14425: checking for ranlib
configure:14443: found /usr/bin/ranlib
configure:14455: result: /usr/bin/ranlib
configure:14523: checking for strip
configure:14541: found /usr/bin/strip
configure:14553: result: /usr/bin/strip
configure:14621: checking for gcov
configure:14639: found /usr/bin/gcov
configure:14651: result: /usr/bin/gcov
configure:14675: checking for lcov
configure:14708: result: no
configure:14717: checking for python3.6
configure:14750: result: no
configure:14717: checking for python3.5
configure:14750: result: no
configure:14717: checking for python3.4
configure:14750: result: no
configure:14717: checking for python3
configure:14735: found /usr/bin/python3
configure:14747: result: /usr/bin/python3
configure:14760: checking for genhtml
configure:14793: result: no
configure:14800: checking for git
configure:14818: found /usr/bin/git
configure:14830: result: /usr/bin/git
configure:14840: checking for ccache
configure:14858: found /usr/bin/ccache
configure:14870: result: /usr/bin/ccache
configure:14880: checking for xgettext
configure:14898: found /usr/bin/xgettext
configure:14910: result: /usr/bin/xgettext
configure:14920: checking for hexdump
configure:14938: found /usr/bin/hexdump
configure:14950: result: /usr/bin/hexdump
configure:15004: checking for objcopy
configure:15022: found /usr/bin/objcopy
configure:15034: result: /usr/bin/objcopy
configure:15273: checking whether C++ compiler accepts -Werror
configure:15292: g++ -std=c++11 -c -g -O2  -Werror  conftest.cpp >&5
configure:15292: $? = 0
configure:15300: result: yes
configure:15366: checking whether C++ compiler accepts -Wall
configure:15385: g++ -std=c++11 -c -g -O2 -Werror -Wall  conftest.cpp >&5
configure:15385: $? = 0
configure:15394: result: yes
configure:15403: checking whether C++ compiler accepts -Wextra
configure:15422: g++ -std=c++11 -c -g -O2 -Wall -Werror -Wextra  conftest.cpp >&5
configure:15422: $? = 0
configure:15431: result: yes
configure:15440: checking whether C++ compiler accepts -Wformat
configure:15459: g++ -std=c++11 -c -g -O2 -Wall -Wextra -Werror -Wformat  conftest.cpp >&5
configure:15459: $? = 0
configure:15468: result: yes
configure:15477: checking whether C++ compiler accepts -Wvla
configure:15496: g++ -std=c++11 -c -g -O2 -Wall -Wextra -Wformat -Werror -Wvla  conftest.cpp >&5
configure:15496: $? = 0
configure:15505: result: yes
configure:15514: checking whether C++ compiler accepts -Wformat-security
configure:15533: g++ -std=c++11 -c -g -O2 -Wall -Wextra -Wformat -Wvla -Werror -Wformat-security  conftest.cpp >&5
configure:15533: $? = 0
configure:15542: result: yes
configure:15555: checking whether C++ compiler accepts -Wunused-parameter
configure:15574: g++ -std=c++11 -c -g -O2 -Wall -Wextra -Wformat -Wvla -Wformat-security -Werror -Wunused-parameter  conftest.cpp >&5
configure:15574: $? = 0
configure:15583: result: yes
configure:15592: checking whether C++ compiler accepts -Wself-assign
configure:15611: g++ -std=c++11 -c -g -O2 -Wall -Wextra -Wformat -Wvla -Wformat-security -Wno-unused-parameter -Werror -Wself-assign  conftest.cpp >&5
g++: error: unrecognized command line option '-Wself-assign'; did you mean '-Wcast-align'?
configure:15611: $? = 1
configure: failed program was:
| /* confdefs.h */
| #define PACKAGE_NAME "Floofy Core"
| #define PACKAGE_TARNAME "floofy"
| #define PACKAGE_VERSION "1.0.1"
| #define PACKAGE_STRING "Floofy Core 1.0.1"
| #define PACKAGE_BUGREPORT "https://github.com/floofy/floofy/issues"
| #define PACKAGE_URL "https://floofy.com/"
| #define HAVE_CXX11 1
| #define STDC_HEADERS 1
| #define HAVE_SYS_TYPES_H 1
| #define HAVE_SYS_STAT_H 1
| #define HAVE_STDLIB_H 1
| #define HAVE_STRING_H 1
| #define HAVE_MEMORY_H 1
| #define HAVE_STRINGS_H 1
| #define HAVE_INTTYPES_H 1
| #define HAVE_STDINT_H 1
| #define HAVE_UNISTD_H 1
| #define HAVE_DLFCN_H 1
| #define LT_OBJDIR ".libs/"
| /* end confdefs.h.  */
| 
| int
| main ()
| {
| 
|   ;
|   return 0;
| }
configure:15620: result: no
configure:15629: checking whether C++ compiler accepts -Wunused-local-typedef
configure:15648: g++ -std=c++11 -c -g -O2 -Wall -Wextra -Wformat -Wvla -Wformat-security -Wno-unused-parameter -Werror -Wunused-local-typedef  conftest.cpp >&5
g++: error: unrecognized command line option '-Wunused-local-typedef'; did you mean '-Wunused-local-typedefs'?
configure:15648: $? = 1
configure: failed program was:
| /* confdefs.h */
| #define PACKAGE_NAME "Floofy Core"
| #define PACKAGE_TARNAME "floofy"
| #define PACKAGE_VERSION "1.0.1"
| #define PACKAGE_STRING "Floofy Core 1.0.1"
| #define PACKAGE_BUGREPORT "https://github.com/floofy/floofy/issues"
| #define PACKAGE_URL "https://floofy.com/"
| #define HAVE_CXX11 1
| #define STDC_HEADERS 1
| #define HAVE_SYS_TYPES_H 1
| #define HAVE_SYS_STAT_H 1
| #define HAVE_STDLIB_H 1
| #define HAVE_STRING_H 1
| #define HAVE_MEMORY_H 1
| #define HAVE_STRINGS_H 1
| #define HAVE_INTTYPES_H 1
| #define HAVE_STDINT_H 1
| #define HAVE_UNISTD_H 1
| #define HAVE_DLFCN_H 1
| #define LT_OBJDIR ".libs/"
| /* end confdefs.h.  */
| 
| int
| main ()
| {
| 
|   ;
|   return 0;
| }
configure:15657: result: no
configure:15666: checking whether C++ compiler accepts -Wdeprecated-register
configure:15685: g++ -std=c++11 -c -g -O2 -Wall -Wextra -Wformat -Wvla -Wformat-security -Wno-unused-parameter -Werror -Wdeprecated-register  conftest.cpp >&5
g++: error: unrecognized command line option '-Wdeprecated-register'; did you mean '-frename-registers'?
configure:15685: $? = 1
configure: failed program was:
| /* confdefs.h */
| #define PACKAGE_NAME "Floofy Core"
| #define PACKAGE_TARNAME "floofy"
| #define PACKAGE_VERSION "1.0.1"
| #define PACKAGE_STRING "Floofy Core 1.0.1"
| #define PACKAGE_BUGREPORT "https://github.com/floofy/floofy/issues"
| #define PACKAGE_URL "https://floofy.com/"
| #define HAVE_CXX11 1
| #define STDC_HEADERS 1
| #define HAVE_SYS_TYPES_H 1
| #define HAVE_SYS_STAT_H 1
| #define HAVE_STDLIB_H 1
| #define HAVE_STRING_H 1
| #define HAVE_MEMORY_H 1
| #define HAVE_STRINGS_H 1
| #define HAVE_INTTYPES_H 1
| #define HAVE_STDINT_H 1
| #define HAVE_UNISTD_H 1
| #define HAVE_DLFCN_H 1
| #define LT_OBJDIR ".libs/"
| /* end confdefs.h.  */
| 
| int
| main ()
| {
| 
|   ;
|   return 0;
| }
configure:15694: result: no
configure:17373: checking for pkg-config
configure:17391: found /usr/bin/pkg-config
configure:17403: result: /usr/bin/pkg-config
configure:17428: checking pkg-config is at least version 0.9.0
configure:17431: result: yes
configure:17537: checking whether byte ordering is bigendian
configure:17552: g++ -std=c++11 -c -g -O2 -Wall -Wextra -Wformat -Wvla -Wformat-security -Wno-unused-parameter  -DHAVE_BUILD_INFO -D__STDC_FORMAT_MACROS conftest.cpp >&5
conftest.cpp:23:9: error: expected unqualified-id before 'not' token
         not a universal capable compiler
         ^~~
configure:17552: $? = 1
configure: failed program was:
| /* confdefs.h */
| #define PACKAGE_NAME "Floofy Core"
| #define PACKAGE_TARNAME "floofy"
| #define PACKAGE_VERSION "1.0.1"
| #define PACKAGE_STRING "Floofy Core 1.0.1"
| #define PACKAGE_BUGREPORT "https://github.com/floofy/floofy/issues"
| #define PACKAGE_URL "https://floofy.com/"
| #define HAVE_CXX11 1
| #define STDC_HEADERS 1
| #define HAVE_SYS_TYPES_H 1
| #define HAVE_SYS_STAT_H 1
| #define HAVE_STDLIB_H 1
| #define HAVE_STRING_H 1
| #define HAVE_MEMORY_H 1
| #define HAVE_STRINGS_H 1
| #define HAVE_INTTYPES_H 1
| #define HAVE_STDINT_H 1
| #define HAVE_UNISTD_H 1
| #define HAVE_DLFCN_H 1
| #define LT_OBJDIR ".libs/"
| /* end confdefs.h.  */
| #ifndef __APPLE_CC__
| 	       not a universal capable compiler
| 	     #endif
| 	     typedef int dummy;
| 
configure:17597: g++ -std=c++11 -c -g -O2 -Wall -Wextra -Wformat -Wvla -Wformat-security -Wno-unused-parameter  -DHAVE_BUILD_INFO -D__STDC_FORMAT_MACROS conftest.cpp >&5
configure:17597: $? = 0
configure:17615: g++ -std=c++11 -c -g -O2 -Wall -Wextra -Wformat -Wvla -Wformat-security -Wno-unused-parameter  -DHAVE_BUILD_INFO -D__STDC_FORMAT_MACROS conftest.cpp >&5
conftest.cpp: In function 'int main()':
conftest.cpp:29:8: error: 'big' was not declared in this scope
    not big endian
        ^~~
configure:17615: $? = 1
configure: failed program was:
| /* confdefs.h */
| #define PACKAGE_NAME "Floofy Core"
| #define PACKAGE_TARNAME "floofy"
| #define PACKAGE_VERSION "1.0.1"
| #define PACKAGE_STRING "Floofy Core 1.0.1"
| #define PACKAGE_BUGREPORT "https://github.com/floofy/floofy/issues"
| #define PACKAGE_URL "https://floofy.com/"
| #define HAVE_CXX11 1
| #define STDC_HEADERS 1
| #define HAVE_SYS_TYPES_H 1
| #define HAVE_SYS_STAT_H 1
| #define HAVE_STDLIB_H 1
| #define HAVE_STRING_H 1
| #define HAVE_MEMORY_H 1
| #define HAVE_STRINGS_H 1
| #define HAVE_INTTYPES_H 1
| #define HAVE_STDINT_H 1
| #define HAVE_UNISTD_H 1
| #define HAVE_DLFCN_H 1
| #define LT_OBJDIR ".libs/"
| /* end confdefs.h.  */
| #include <sys/types.h>
| 		#include <sys/param.h>
| 
| int
| main ()
| {
| #if BYTE_ORDER != BIG_ENDIAN
| 		 not big endian
| 		#endif
| 
|   ;
|   return 0;
| }
configure:17743: result: no
configure:17921: checking whether gcc is Clang
configure:17946: result: no
configure:18008: checking whether pthreads work with "-pthread" and "-lpthread"
configure:18113: gcc -o conftest -g -O2 -pthread  -DHAVE_BUILD_INFO -D__STDC_FORMAT_MACROS  conftest.c -lpthread  >&5
configure:18113: $? = 0
configure:18122: result: yes
configure:18239: checking for joinable pthread attribute
configure:18257: gcc -o conftest -g -O2 -pthread  -DHAVE_BUILD_INFO -D__STDC_FORMAT_MACROS  conftest.c -lpthread  >&5
configure:18257: $? = 0
configure:18265: result: PTHREAD_CREATE_JOINABLE
configure:18279: checking whether more special flags are required for pthreads
configure:18292: result: no
configure:18300: checking for PTHREAD_PRIO_INHERIT
configure:18317: gcc -o conftest -g -O2 -pthread  -DHAVE_BUILD_INFO -D__STDC_FORMAT_MACROS  conftest.c -lpthread  >&5
configure:18317: $? = 0
configure:18326: result: yes
configure:18497: checking for special C compiler options needed for large files
configure:18542: result: no
configure:18548: checking for _FILE_OFFSET_BITS value needed for large files
configure:18573: g++ -std=c++11 -c -g -O2 -Wall -Wextra -Wformat -Wvla -Wformat-security -Wno-unused-parameter  -DHAVE_BUILD_INFO -D__STDC_FORMAT_MACROS conftest.cpp >&5
configure:18573: $? = 0
configure:18605: result: no
configure:18691: checking whether strerror_r is declared
configure:18691: g++ -std=c++11 -c -g -O2 -Wall -Wextra -Wformat -Wvla -Wformat-security -Wno-unused-parameter  -DHAVE_BUILD_INFO -D__STDC_FORMAT_MACROS conftest.cpp >&5
configure:18691: $? = 0
configure:18691: result: yes
configure:18704: checking for strerror_r
configure:18704: g++ -std=c++11 -o conftest -g -O2 -Wall -Wextra -Wformat -Wvla -Wformat-security -Wno-unused-parameter  -DHAVE_BUILD_INFO -D__STDC_FORMAT_MACROS  conftest.cpp  >&5
configure:18704: $? = 0
configure:18704: result: yes
configure:18713: checking whether strerror_r returns char *
configure:18737: g++ -std=c++11 -c -g -O2 -Wall -Wextra -Wformat -Wvla -Wformat-security -Wno-unused-parameter  -DHAVE_BUILD_INFO -D__STDC_FORMAT_MACROS conftest.cpp >&5
configure:18737: $? = 0
configure:18775: result: yes
configure:18796: checking whether the linker accepts -Wl,--large-address-aware
configure:18815: g++ -std=c++11 -o conftest -g -O2 -Wall -Wextra -Wformat -Wvla -Wformat-security -Wno-unused-parameter  -DHAVE_BUILD_INFO -D__STDC_FORMAT_MACROS   -Wl,--large-address-aware conftest.cpp  >&5
/usr/bin/ld: unrecognized option '--large-address-aware'
/usr/bin/ld: use the --help option for usage information
collect2: error: ld returned 1 exit status
configure:18815: $? = 1
configure: failed program was:
| /* confdefs.h */
| #define PACKAGE_NAME "Floofy Core"
| #define PACKAGE_TARNAME "floofy"
| #define PACKAGE_VERSION "1.0.1"
| #define PACKAGE_STRING "Floofy Core 1.0.1"
| #define PACKAGE_BUGREPORT "https://github.com/floofy/floofy/issues"
| #define PACKAGE_URL "https://floofy.com/"
| #define HAVE_CXX11 1
| #define STDC_HEADERS 1
| #define HAVE_SYS_TYPES_H 1
| #define HAVE_SYS_STAT_H 1
| #define HAVE_STDLIB_H 1
| #define HAVE_STRING_H 1
| #define HAVE_MEMORY_H 1
| #define HAVE_STRINGS_H 1
| #define HAVE_INTTYPES_H 1
| #define HAVE_STDINT_H 1
| #define HAVE_UNISTD_H 1
| #define HAVE_DLFCN_H 1
| #define LT_OBJDIR ".libs/"
| #define HAVE_PTHREAD_PRIO_INHERIT 1
| #define HAVE_PTHREAD 1
| #define HAVE_DECL_STRERROR_R 1
| #define HAVE_STRERROR_R 1
| #define STRERROR_R_CHAR_P 1
| /* end confdefs.h.  */
| 
| int
| main ()
| {
| 
|   ;
|   return 0;
| }
configure:18824: result: no
configure:18836: checking for __attribute__((visibility))
configure:18860: g++ -std=c++11 -o conftest -g -O2 -Wall -Wextra -Wformat -Wvla -Wformat-security -Wno-unused-parameter  -DHAVE_BUILD_INFO -D__STDC_FORMAT_MACROS  conftest.cpp  >&5
configure:18860: $? = 0
configure:18873: result: yes
configure:18889: checking for __attribute__((dllexport))
configure:18910: g++ -std=c++11 -o conftest -g -O2 -Wall -Wextra -Wformat -Wvla -Wformat-security -Wno-unused-parameter  -DHAVE_BUILD_INFO -D__STDC_FORMAT_MACROS  conftest.cpp  >&5
conftest.cpp:30:62: warning: 'dllexport' attribute directive ignored [-Wattributes]
                     __attribute__((dllexport)) int foo( void ) { return 0; }
                                                              ^
configure:18910: $? = 0
configure:18923: result: no
configure:18939: checking for __attribute__((dllimport))
configure:18960: g++ -std=c++11 -o conftest -g -O2 -Wall -Wextra -Wformat -Wvla -Wformat-security -Wno-unused-parameter  -DHAVE_BUILD_INFO -D__STDC_FORMAT_MACROS  conftest.cpp  >&5
conftest.cpp:30:62: warning: 'dllimport' attribute directive ignored [-Wattributes]
                     int foo( void ) __attribute__((dllimport));
                                                              ^
configure:18960: $? = 0
configure:18973: result: no
configure:19356: checking for library containing clock_gettime
configure:19387: g++ -std=c++11 -o conftest -g -O2 -Wall -Wextra -Wformat -Wvla -Wformat-security -Wno-unused-parameter  -DHAVE_BUILD_INFO -D__STDC_FORMAT_MACROS  conftest.cpp  >&5
configure:19387: $? = 0
configure:19404: result: none required
configure:19416: checking whether C++ compiler accepts -fPIC
configure:19435: g++ -std=c++11 -c -g -O2 -Wall -Wextra -Wformat -Wvla -Wformat-security -Wno-unused-parameter  -fPIC  -DHAVE_BUILD_INFO -D__STDC_FORMAT_MACROS conftest.cpp >&5
configure:19435: $? = 0
configure:19443: result: yes
configure:19454: checking whether C++ compiler accepts -Wstack-protector
configure:19473: g++ -std=c++11 -c -g -O2 -Wall -Wextra -Wformat -Wvla -Wformat-security -Wno-unused-parameter  -Wstack-protector  -DHAVE_BUILD_INFO -D__STDC_FORMAT_MACROS conftest.cpp >&5
configure:19473: $? = 0
configure:19481: result: yes
configure:19489: checking whether C++ compiler accepts -fstack-protector-all
configure:19508: g++ -std=c++11 -c -g -O2 -Wall -Wextra -Wformat -Wvla -Wformat-security -Wno-unused-parameter  -fstack-protector-all  -DHAVE_BUILD_INFO -D__STDC_FORMAT_MACROS conftest.cpp >&5
configure:19508: $? = 0
configure:19516: result: yes
configure:19526: checking whether C++ preprocessor accepts -D_FORTIFY_SOURCE=2
configure:19545: g++ -std=c++11 -E  -DHAVE_BUILD_INFO -D__STDC_FORMAT_MACROS  -D_FORTIFY_SOURCE=2 conftest.cpp
configure:19545: $? = 0
configure:19553: result: yes
configure:19557: checking whether C++ preprocessor accepts -U_FORTIFY_SOURCE
configure:19576: g++ -std=c++11 -E  -DHAVE_BUILD_INFO -D__STDC_FORMAT_MACROS  -U_FORTIFY_SOURCE conftest.cpp
configure:19576: $? = 0
configure:19584: result: yes
configure:19601: checking whether the linker accepts -Wl,--dynamicbase
configure:19620: g++ -std=c++11 -o conftest -g -O2 -Wall -Wextra -Wformat -Wvla -Wformat-security -Wno-unused-parameter  -DHAVE_BUILD_INFO -D__STDC_FORMAT_MACROS   -Wl,--dynamicbase conftest.cpp  >&5
/usr/bin/ld: unrecognized option '--dynamicbase'
/usr/bin/ld: use the --help option for usage information
collect2: error: ld returned 1 exit status
configure:19620: $? = 1
configure: failed program was:
| /* confdefs.h */
| #define PACKAGE_NAME "Floofy Core"
| #define PACKAGE_TARNAME "floofy"
| #define PACKAGE_VERSION "1.0.1"
| #define PACKAGE_STRING "Floofy Core 1.0.1"
| #define PACKAGE_BUGREPORT "https://github.com/floofy/floofy/issues"
| #define PACKAGE_URL "https://floofy.com/"
| #define HAVE_CXX11 1
| #define STDC_HEADERS 1
| #define HAVE_SYS_TYPES_H 1
| #define HAVE_SYS_STAT_H 1
| #define HAVE_STDLIB_H 1
| #define HAVE_STRING_H 1
| #define HAVE_MEMORY_H 1
| #define HAVE_STRINGS_H 1
| #define HAVE_INTTYPES_H 1
| #define HAVE_STDINT_H 1
| #define HAVE_UNISTD_H 1
| #define HAVE_DLFCN_H 1
| #define LT_OBJDIR ".libs/"
| #define HAVE_PTHREAD_PRIO_INHERIT 1
| #define HAVE_PTHREAD 1
| #define HAVE_DECL_STRERROR_R 1
| #define HAVE_STRERROR_R 1
| #define STRERROR_R_CHAR_P 1
| #define HAVE_FUNC_ATTRIBUTE_VISIBILITY 1
| /* end confdefs.h.  */
| 
| int
| main ()
| {
| 
|   ;
|   return 0;
| }
configure:19629: result: no
configure:19637: checking whether the linker accepts -Wl,--nxcompat
configure:19656: g++ -std=c++11 -o conftest -g -O2 -Wall -Wextra -Wformat -Wvla -Wformat-security -Wno-unused-parameter  -DHAVE_BUILD_INFO -D__STDC_FORMAT_MACROS   -Wl,--nxcompat conftest.cpp  >&5
/usr/bin/ld: unrecognized option '--nxcompat'
/usr/bin/ld: use the --help option for usage information
collect2: error: ld returned 1 exit status
configure:19656: $? = 1
configure: failed program was:
| /* confdefs.h */
| #define PACKAGE_NAME "Floofy Core"
| #define PACKAGE_TARNAME "floofy"
| #define PACKAGE_VERSION "1.0.1"
| #define PACKAGE_STRING "Floofy Core 1.0.1"
| #define PACKAGE_BUGREPORT "https://github.com/floofy/floofy/issues"
| #define PACKAGE_URL "https://floofy.com/"
| #define HAVE_CXX11 1
| #define STDC_HEADERS 1
| #define HAVE_SYS_TYPES_H 1
| #define HAVE_SYS_STAT_H 1
| #define HAVE_STDLIB_H 1
| #define HAVE_STRING_H 1
| #define HAVE_MEMORY_H 1
| #define HAVE_STRINGS_H 1
| #define HAVE_INTTYPES_H 1
| #define HAVE_STDINT_H 1
| #define HAVE_UNISTD_H 1
| #define HAVE_DLFCN_H 1
| #define LT_OBJDIR ".libs/"
| #define HAVE_PTHREAD_PRIO_INHERIT 1
| #define HAVE_PTHREAD 1
| #define HAVE_DECL_STRERROR_R 1
| #define HAVE_STRERROR_R 1
| #define STRERROR_R_CHAR_P 1
| #define HAVE_FUNC_ATTRIBUTE_VISIBILITY 1
| /* end confdefs.h.  */
| 
| int
| main ()
| {
| 
|   ;
|   return 0;
| }
configure:19665: result: no
configure:19673: checking whether the linker accepts -Wl,--high-entropy-va
configure:19692: g++ -std=c++11 -o conftest -g -O2 -Wall -Wextra -Wformat -Wvla -Wformat-security -Wno-unused-parameter  -DHAVE_BUILD_INFO -D__STDC_FORMAT_MACROS   -Wl,--high-entropy-va conftest.cpp  >&5
/usr/bin/ld: unrecognized option '--high-entropy-va'
/usr/bin/ld: use the --help option for usage information
collect2: error: ld returned 1 exit status
configure:19692: $? = 1
configure: failed program was:
| /* confdefs.h */
| #define PACKAGE_NAME "Floofy Core"
| #define PACKAGE_TARNAME "floofy"
| #define PACKAGE_VERSION "1.0.1"
| #define PACKAGE_STRING "Floofy Core 1.0.1"
| #define PACKAGE_BUGREPORT "https://github.com/floofy/floofy/issues"
| #define PACKAGE_URL "https://floofy.com/"
| #define HAVE_CXX11 1
| #define STDC_HEADERS 1
| #define HAVE_SYS_TYPES_H 1
| #define HAVE_SYS_STAT_H 1
| #define HAVE_STDLIB_H 1
| #define HAVE_STRING_H 1
| #define HAVE_MEMORY_H 1
| #define HAVE_STRINGS_H 1
| #define HAVE_INTTYPES_H 1
| #define HAVE_STDINT_H 1
| #define HAVE_UNISTD_H 1
| #define HAVE_DLFCN_H 1
| #define LT_OBJDIR ".libs/"
| #define HAVE_PTHREAD_PRIO_INHERIT 1
| #define HAVE_PTHREAD 1
| #define HAVE_DECL_STRERROR_R 1
| #define HAVE_STRERROR_R 1
| #define STRERROR_R_CHAR_P 1
| #define HAVE_FUNC_ATTRIBUTE_VISIBILITY 1
| /* end confdefs.h.  */
| 
| int
| main ()
| {
| 
|   ;
|   return 0;
| }
configure:19701: result: no
configure:19709: checking whether the linker accepts -Wl,-z,relro
configure:19728: g++ -std=c++11 -o conftest -g -O2 -Wall -Wextra -Wformat -Wvla -Wformat-security -Wno-unused-parameter  -DHAVE_BUILD_INFO -D__STDC_FORMAT_MACROS   -Wl,-z,relro conftest.cpp  >&5
configure:19728: $? = 0
configure:19737: result: yes
configure:19745: checking whether the linker accepts -Wl,-z,now
configure:19764: g++ -std=c++11 -o conftest -g -O2 -Wall -Wextra -Wformat -Wvla -Wformat-security -Wno-unused-parameter  -DHAVE_BUILD_INFO -D__STDC_FORMAT_MACROS   -Wl,-z,now conftest.cpp  >&5
configure:19764: $? = 0
configure:19773: result: yes
configure:19783: checking whether C++ compiler accepts -fPIE
configure:19802: g++ -std=c++11 -c -g -O2 -Wall -Wextra -Wformat -Wvla -Wformat-security -Wno-unused-parameter  -fPIE  -DHAVE_BUILD_INFO -D__STDC_FORMAT_MACROS conftest.cpp >&5
configure:19802: $? = 0
configure:19810: result: yes
configure:19818: checking whether the linker accepts -pie
configure:19837: g++ -std=c++11 -o conftest -g -O2 -Wall -Wextra -Wformat -Wvla -Wformat-security -Wno-unused-parameter  -DHAVE_BUILD_INFO -D__STDC_FORMAT_MACROS   -pie conftest.cpp  >&5
configure:19837: $? = 0
configure:19846: result: yes
configure:19945: checking endian.h usability
configure:19945: g++ -std=c++11 -c -g -O2 -Wall -Wextra -Wformat -Wvla -Wformat-security -Wno-unused-parameter  -DHAVE_BUILD_INFO -D__STDC_FORMAT_MACROS conftest.cpp >&5
configure:19945: $? = 0
configure:19945: result: yes
configure:19945: checking endian.h presence
configure:19945: g++ -std=c++11 -E  -DHAVE_BUILD_INFO -D__STDC_FORMAT_MACROS conftest.cpp
configure:19945: $? = 0
configure:19945: result: yes
configure:19945: checking for endian.h
configure:19945: result: yes
configure:19945: checking sys/endian.h usability
configure:19945: g++ -std=c++11 -c -g -O2 -Wall -Wextra -Wformat -Wvla -Wformat-security -Wno-unused-parameter  -DHAVE_BUILD_INFO -D__STDC_FORMAT_MACROS conftest.cpp >&5
conftest.cpp:62:10: fatal error: sys/endian.h: No such file or directory
 #include <sys/endian.h>
          ^~~~~~~~~~~~~~
compilation terminated.
configure:19945: $? = 1
configure: failed program was:
| /* confdefs.h */
| #define PACKAGE_NAME "Floofy Core"
| #define PACKAGE_TARNAME "floofy"
| #define PACKAGE_VERSION "1.0.1"
| #define PACKAGE_STRING "Floofy Core 1.0.1"
| #define PACKAGE_BUGREPORT "https://github.com/floofy/floofy/issues"
| #define PACKAGE_URL "https://floofy.com/"
| #define HAVE_CXX11 1
| #define STDC_HEADERS 1
| #define HAVE_SYS_TYPES_H 1
| #define HAVE_SYS_STAT_H 1
| #define HAVE_STDLIB_H 1
| #define HAVE_STRING_H 1
| #define HAVE_MEMORY_H 1
| #define HAVE_STRINGS_H 1
| #define HAVE_INTTYPES_H 1
| #define HAVE_STDINT_H 1
| #define HAVE_UNISTD_H 1
| #define HAVE_DLFCN_H 1
| #define LT_OBJDIR ".libs/"
| #define HAVE_PTHREAD_PRIO_INHERIT 1
| #define HAVE_PTHREAD 1
| #define HAVE_DECL_STRERROR_R 1
| #define HAVE_STRERROR_R 1
| #define STRERROR_R_CHAR_P 1
| #define HAVE_FUNC_ATTRIBUTE_VISIBILITY 1
| #define HAVE_ENDIAN_H 1
| /* end confdefs.h.  */
| #include <stdio.h>
| #ifdef HAVE_SYS_TYPES_H
| # include <sys/types.h>
| #endif
| #ifdef HAVE_SYS_STAT_H
| # include <sys/stat.h>
| #endif
| #ifdef STDC_HEADERS
| # include <stdlib.h>
| # include <stddef.h>
| #else
| # ifdef HAVE_STDLIB_H
| #  include <stdlib.h>
| # endif
| #endif
| #ifdef HAVE_STRING_H
| # if !defined STDC_HEADERS && defined HAVE_MEMORY_H
| #  include <memory.h>
| # endif
| # include <string.h>
| #endif
| #ifdef HAVE_STRINGS_H
| # include <strings.h>
| #endif
| #ifdef HAVE_INTTYPES_H
| # include <inttypes.h>
| #endif
| #ifdef HAVE_STDINT_H
| # include <stdint.h>
| #endif
| #ifdef HAVE_UNISTD_H
| # include <unistd.h>
| #endif
| #include <sys/endian.h>
configure:19945: result: no
configure:19945: checking sys/endian.h presence
configure:19945: g++ -std=c++11 -E  -DHAVE_BUILD_INFO -D__STDC_FORMAT_MACROS conftest.cpp
conftest.cpp:29:10: fatal error: sys/endian.h: No such file or directory
 #include <sys/endian.h>
          ^~~~~~~~~~~~~~
compilation terminated.
configure:19945: $? = 1
configure: failed program was:
| /* confdefs.h */
| #define PACKAGE_NAME "Floofy Core"
| #define PACKAGE_TARNAME "floofy"
| #define PACKAGE_VERSION "1.0.1"
| #define PACKAGE_STRING "Floofy Core 1.0.1"
| #define PACKAGE_BUGREPORT "https://github.com/floofy/floofy/issues"
| #define PACKAGE_URL "https://floofy.com/"
| #define HAVE_CXX11 1
| #define STDC_HEADERS 1
| #define HAVE_SYS_TYPES_H 1
| #define HAVE_SYS_STAT_H 1
| #define HAVE_STDLIB_H 1
| #define HAVE_STRING_H 1
| #define HAVE_MEMORY_H 1
| #define HAVE_STRINGS_H 1
| #define HAVE_INTTYPES_H 1
| #define HAVE_STDINT_H 1
| #define HAVE_UNISTD_H 1
| #define HAVE_DLFCN_H 1
| #define LT_OBJDIR ".libs/"
| #define HAVE_PTHREAD_PRIO_INHERIT 1
| #define HAVE_PTHREAD 1
| #define HAVE_DECL_STRERROR_R 1
| #define HAVE_STRERROR_R 1
| #define STRERROR_R_CHAR_P 1
| #define HAVE_FUNC_ATTRIBUTE_VISIBILITY 1
| #define HAVE_ENDIAN_H 1
| /* end confdefs.h.  */
| #include <sys/endian.h>
configure:19945: result: no
configure:19945: checking for sys/endian.h
configure:19945: result: no
configure:19945: checking byteswap.h usability
configure:19945: g++ -std=c++11 -c -g -O2 -Wall -Wextra -Wformat -Wvla -Wformat-security -Wno-unused-parameter  -DHAVE_BUILD_INFO -D__STDC_FORMAT_MACROS conftest.cpp >&5
configure:19945: $? = 0
configure:19945: result: yes
configure:19945: checking byteswap.h presence
configure:19945: g++ -std=c++11 -E  -DHAVE_BUILD_INFO -D__STDC_FORMAT_MACROS conftest.cpp
configure:19945: $? = 0
configure:19945: result: yes
configure:19945: checking for byteswap.h
configure:19945: result: yes
configure:19945: checking stdio.h usability
configure:19945: g++ -std=c++11 -c -g -O2 -Wall -Wextra -Wformat -Wvla -Wformat-security -Wno-unused-parameter  -DHAVE_BUILD_INFO -D__STDC_FORMAT_MACROS conftest.cpp >&5
configure:19945: $? = 0
configure:19945: result: yes
configure:19945: checking stdio.h presence
configure:19945: g++ -std=c++11 -E  -DHAVE_BUILD_INFO -D__STDC_FORMAT_MACROS conftest.cpp
configure:19945: $? = 0
configure:19945: result: yes
configure:19945: checking for stdio.h
configure:19945: result: yes
configure:19945: checking for stdlib.h
configure:19945: result: yes
configure:19945: checking for unistd.h
configure:19945: result: yes
configure:19945: checking for strings.h
configure:19945: result: yes
configure:19945: checking for sys/types.h
configure:19945: result: yes
configure:19945: checking for sys/stat.h
configure:19945: result: yes
configure:19945: checking sys/select.h usability
configure:19945: g++ -std=c++11 -c -g -O2 -Wall -Wextra -Wformat -Wvla -Wformat-security -Wno-unused-parameter  -DHAVE_BUILD_INFO -D__STDC_FORMAT_MACROS conftest.cpp >&5
configure:19945: $? = 0
configure:19945: result: yes
configure:19945: checking sys/select.h presence
configure:19945: g++ -std=c++11 -E  -DHAVE_BUILD_INFO -D__STDC_FORMAT_MACROS conftest.cpp
configure:19945: $? = 0
configure:19945: result: yes
configure:19945: checking for sys/select.h
configure:19945: result: yes
configure:19945: checking sys/prctl.h usability
configure:19945: g++ -std=c++11 -c -g -O2 -Wall -Wextra -Wformat -Wvla -Wformat-security -Wno-unused-parameter  -DHAVE_BUILD_INFO -D__STDC_FORMAT_MACROS conftest.cpp >&5
configure:19945: $? = 0
configure:19945: result: yes
configure:19945: checking sys/prctl.h presence
configure:19945: g++ -std=c++11 -E  -DHAVE_BUILD_INFO -D__STDC_FORMAT_MACROS conftest.cpp
configure:19945: $? = 0
configure:19945: result: yes
configure:19945: checking for sys/prctl.h
configure:19945: result: yes
configure:19956: checking whether strnlen is declared
configure:19956: g++ -std=c++11 -c -g -O2 -Wall -Wextra -Wformat -Wvla -Wformat-security -Wno-unused-parameter  -DHAVE_BUILD_INFO -D__STDC_FORMAT_MACROS conftest.cpp >&5
configure:19956: $? = 0
configure:19956: result: yes
configure:19969: checking whether daemon is declared
configure:19969: g++ -std=c++11 -c -g -O2 -Wall -Wextra -Wformat -Wvla -Wformat-security -Wno-unused-parameter  -DHAVE_BUILD_INFO -D__STDC_FORMAT_MACROS conftest.cpp >&5
configure:19969: $? = 0
configure:19969: result: yes
configure:19981: checking whether le16toh is declared
configure:19981: g++ -std=c++11 -c -g -O2 -Wall -Wextra -Wformat -Wvla -Wformat-security -Wno-unused-parameter  -DHAVE_BUILD_INFO -D__STDC_FORMAT_MACROS conftest.cpp >&5
configure:19981: $? = 0
configure:19981: result: yes
configure:19996: checking whether le32toh is declared
configure:19996: g++ -std=c++11 -c -g -O2 -Wall -Wextra -Wformat -Wvla -Wformat-security -Wno-unused-parameter  -DHAVE_BUILD_INFO -D__STDC_FORMAT_MACROS conftest.cpp >&5
configure:19996: $? = 0
configure:19996: result: yes
configure:20011: checking whether le64toh is declared
configure:20011: g++ -std=c++11 -c -g -O2 -Wall -Wextra -Wformat -Wvla -Wformat-security -Wno-unused-parameter  -DHAVE_BUILD_INFO -D__STDC_FORMAT_MACROS conftest.cpp >&5
configure:20011: $? = 0
configure:20011: result: yes
configure:20026: checking whether htole16 is declared
configure:20026: g++ -std=c++11 -c -g -O2 -Wall -Wextra -Wformat -Wvla -Wformat-security -Wno-unused-parameter  -DHAVE_BUILD_INFO -D__STDC_FORMAT_MACROS conftest.cpp >&5
configure:20026: $? = 0
configure:20026: result: yes
configure:20041: checking whether htole32 is declared
configure:20041: g++ -std=c++11 -c -g -O2 -Wall -Wextra -Wformat -Wvla -Wformat-security -Wno-unused-parameter  -DHAVE_BUILD_INFO -D__STDC_FORMAT_MACROS conftest.cpp >&5
configure:20041: $? = 0
configure:20041: result: yes
configure:20056: checking whether htole64 is declared
configure:20056: g++ -std=c++11 -c -g -O2 -Wall -Wextra -Wformat -Wvla -Wformat-security -Wno-unused-parameter  -DHAVE_BUILD_INFO -D__STDC_FORMAT_MACROS conftest.cpp >&5
configure:20056: $? = 0
configure:20056: result: yes
configure:20071: checking whether be16toh is declared
configure:20071: g++ -std=c++11 -c -g -O2 -Wall -Wextra -Wformat -Wvla -Wformat-security -Wno-unused-parameter  -DHAVE_BUILD_INFO -D__STDC_FORMAT_MACROS conftest.cpp >&5
configure:20071: $? = 0
configure:20071: result: yes
configure:20086: checking whether be32toh is declared
configure:20086: g++ -std=c++11 -c -g -O2 -Wall -Wextra -Wformat -Wvla -Wformat-security -Wno-unused-parameter  -DHAVE_BUILD_INFO -D__STDC_FORMAT_MACROS conftest.cpp >&5
configure:20086: $? = 0
configure:20086: result: yes
configure:20101: checking whether be64toh is declared
configure:20101: g++ -std=c++11 -c -g -O2 -Wall -Wextra -Wformat -Wvla -Wformat-security -Wno-unused-parameter  -DHAVE_BUILD_INFO -D__STDC_FORMAT_MACROS conftest.cpp >&5
configure:20101: $? = 0
configure:20101: result: yes
configure:20116: checking whether htobe16 is declared
configure:20116: g++ -std=c++11 -c -g -O2 -Wall -Wextra -Wformat -Wvla -Wformat-security -Wno-unused-parameter  -DHAVE_BUILD_INFO -D__STDC_FORMAT_MACROS conftest.cpp >&5
configure:20116: $? = 0
configure:20116: result: yes
configure:20131: checking whether htobe32 is declared
configure:20131: g++ -std=c++11 -c -g -O2 -Wall -Wextra -Wformat -Wvla -Wformat-security -Wno-unused-parameter  -DHAVE_BUILD_INFO -D__STDC_FORMAT_MACROS conftest.cpp >&5
configure:20131: $? = 0
configure:20131: result: yes
configure:20146: checking whether htobe64 is declared
configure:20146: g++ -std=c++11 -c -g -O2 -Wall -Wextra -Wformat -Wvla -Wformat-security -Wno-unused-parameter  -DHAVE_BUILD_INFO -D__STDC_FORMAT_MACROS conftest.cpp >&5
configure:20146: $? = 0
configure:20146: result: yes
configure:20163: checking whether bswap_16 is declared
configure:20163: g++ -std=c++11 -c -g -O2 -Wall -Wextra -Wformat -Wvla -Wformat-security -Wno-unused-parameter  -DHAVE_BUILD_INFO -D__STDC_FORMAT_MACROS conftest.cpp >&5
configure:20163: $? = 0
configure:20163: result: yes
configure:20176: checking whether bswap_32 is declared
configure:20176: g++ -std=c++11 -c -g -O2 -Wall -Wextra -Wformat -Wvla -Wformat-security -Wno-unused-parameter  -DHAVE_BUILD_INFO -D__STDC_FORMAT_MACROS conftest.cpp >&5
configure:20176: $? = 0
configure:20176: result: yes
configure:20189: checking whether bswap_64 is declared
configure:20189: g++ -std=c++11 -c -g -O2 -Wall -Wextra -Wformat -Wvla -Wformat-security -Wno-unused-parameter  -DHAVE_BUILD_INFO -D__STDC_FORMAT_MACROS conftest.cpp >&5
configure:20189: $? = 0
configure:20189: result: yes
configure:20204: checking whether __builtin_clz is declared
configure:20204: g++ -std=c++11 -c -g -O2 -Wall -Wextra -Wformat -Wvla -Wformat-security -Wno-unused-parameter  -DHAVE_BUILD_INFO -D__STDC_FORMAT_MACROS conftest.cpp >&5
configure:20204: $? = 0
configure:20204: result: yes
configure:20214: checking whether __builtin_clzl is declared
configure:20214: g++ -std=c++11 -c -g -O2 -Wall -Wextra -Wformat -Wvla -Wformat-security -Wno-unused-parameter  -DHAVE_BUILD_INFO -D__STDC_FORMAT_MACROS conftest.cpp >&5
configure:20214: $? = 0
configure:20214: result: yes
configure:20224: checking whether __builtin_clzll is declared
configure:20224: g++ -std=c++11 -c -g -O2 -Wall -Wextra -Wformat -Wvla -Wformat-security -Wno-unused-parameter  -DHAVE_BUILD_INFO -D__STDC_FORMAT_MACROS conftest.cpp >&5
configure:20224: $? = 0
configure:20224: result: yes
configure:20236: checking for MSG_NOSIGNAL
configure:20249: g++ -std=c++11 -c -g -O2 -Wall -Wextra -Wformat -Wvla -Wformat-security -Wno-unused-parameter  -DHAVE_BUILD_INFO -D__STDC_FORMAT_MACROS conftest.cpp >&5
conftest.cpp: In function 'int main()':
conftest.cpp:62:6: warning: unused variable 'f' [-Wunused-variable]
  int f = MSG_NOSIGNAL;
      ^
configure:20249: $? = 0
configure:20250: result: yes
configure:20261: checking for mallopt M_ARENA_MAX
configure:20274: g++ -std=c++11 -c -g -O2 -Wall -Wextra -Wformat -Wvla -Wformat-security -Wno-unused-parameter  -DHAVE_BUILD_INFO -D__STDC_FORMAT_MACROS conftest.cpp >&5
configure:20274: $? = 0
configure:20275: result: yes
configure:20286: checking for visibility attribute
configure:20295: g++ -std=c++11 -o conftest -g -O2 -Wall -Wextra -Wformat -Wvla -Wformat-security -Wno-unused-parameter  -DHAVE_BUILD_INFO -D__STDC_FORMAT_MACROS  conftest.cpp  >&5
configure:20295: $? = 0
configure:20300: result: yes
configure:20317: checking for Linux getrandom syscall
configure:20332: g++ -std=c++11 -c -g -O2 -Wall -Wextra -Wformat -Wvla -Wformat-security -Wno-unused-parameter  -DHAVE_BUILD_INFO -D__STDC_FORMAT_MACROS conftest.cpp >&5
configure:20332: $? = 0
configure:20333: result: yes
configure:20344: checking for getentropy
configure:20357: g++ -std=c++11 -c -g -O2 -Wall -Wextra -Wformat -Wvla -Wformat-security -Wno-unused-parameter  -DHAVE_BUILD_INFO -D__STDC_FORMAT_MACROS conftest.cpp >&5
conftest.cpp: In function 'int main()':
conftest.cpp:66:12: warning: ignoring return value of 'int getentropy(void*, size_t)', declared with attribute warn_unused_result [-Wunused-result]
  getentropy(nullptr, 32)
  ~~~~~~~~~~^~~~~~~~~~~~~
configure:20357: $? = 0
configure:20358: result: yes
configure:20369: checking for getentropy via sys/random.h
configure:20383: g++ -std=c++11 -c -g -O2 -Wall -Wextra -Wformat -Wvla -Wformat-security -Wno-unused-parameter  -DHAVE_BUILD_INFO -D__STDC_FORMAT_MACROS conftest.cpp >&5
conftest.cpp: In function 'int main()':
conftest.cpp:68:12: warning: ignoring return value of 'int getentropy(void*, size_t)', declared with attribute warn_unused_result [-Wunused-result]
  getentropy(nullptr, 32)
  ~~~~~~~~~~^~~~~~~~~~~~~
configure:20383: $? = 0
configure:20384: result: yes
configure:20395: checking for sysctl KERN_ARND
configure:20410: g++ -std=c++11 -c -g -O2 -Wall -Wextra -Wformat -Wvla -Wformat-security -Wno-unused-parameter  -DHAVE_BUILD_INFO -D__STDC_FORMAT_MACROS conftest.cpp >&5
In file included from conftest.cpp:65:
/usr/include/x86_64-linux-gnu/sys/sysctl.h:21:2: warning: #warning "The <sys/sysctl.h> header is deprecated and will be removed." [-Wcpp]
 #warning "The <sys/sysctl.h> header is deprecated and will be removed."
  ^~~~~~~
conftest.cpp: In function 'int main()':
conftest.cpp:69:40: error: 'KERN_ARND' was not declared in this scope
  static const int name[2] = {CTL_KERN, KERN_ARND};
                                        ^~~~~~~~~
conftest.cpp:69:40: note: suggested alternative: 'KERN_ACCT'
  static const int name[2] = {CTL_KERN, KERN_ARND};
                                        ^~~~~~~~~
                                        KERN_ACCT
conftest.cpp:70:12: error: invalid conversion from 'const int*' to 'int*' [-fpermissive]
     sysctl(name, 2, nullptr, nullptr, nullptr, 0);
            ^~~~
In file included from conftest.cpp:65:
/usr/include/x86_64-linux-gnu/sys/sysctl.h:70:25: note:   initializing argument 1 of 'int sysctl(int*, int, void*, size_t*, void*, size_t)'
 extern int sysctl (int *__name, int __nlen, void *__oldval,
                    ~~~~~^~~~~~
conftest.cpp:70:49: warning: 'int sysctl(int*, int, void*, size_t*, void*, size_t)' is deprecated [-Wdeprecated-declarations]
     sysctl(name, 2, nullptr, nullptr, nullptr, 0);
                                                 ^
In file included from conftest.cpp:65:
/usr/include/x86_64-linux-gnu/sys/sysctl.h:70:12: note: declared here
 extern int sysctl (int *__name, int __nlen, void *__oldval,
            ^~~~~~
conftest.cpp:70:49: warning: 'int sysctl(int*, int, void*, size_t*, void*, size_t)' is deprecated [-Wdeprecated-declarations]
     sysctl(name, 2, nullptr, nullptr, nullptr, 0);
                                                 ^
In file included from conftest.cpp:65:
/usr/include/x86_64-linux-gnu/sys/sysctl.h:70:12: note: declared here
 extern int sysctl (int *__name, int __nlen, void *__oldval,
            ^~~~~~
configure:20410: $? = 1
configure: failed program was:
| /* confdefs.h */
| #define PACKAGE_NAME "Floofy Core"
| #define PACKAGE_TARNAME "floofy"
| #define PACKAGE_VERSION "1.0.1"
| #define PACKAGE_STRING "Floofy Core 1.0.1"
| #define PACKAGE_BUGREPORT "https://github.com/floofy/floofy/issues"
| #define PACKAGE_URL "https://floofy.com/"
| #define HAVE_CXX11 1
| #define STDC_HEADERS 1
| #define HAVE_SYS_TYPES_H 1
| #define HAVE_SYS_STAT_H 1
| #define HAVE_STDLIB_H 1
| #define HAVE_STRING_H 1
| #define HAVE_MEMORY_H 1
| #define HAVE_STRINGS_H 1
| #define HAVE_INTTYPES_H 1
| #define HAVE_STDINT_H 1
| #define HAVE_UNISTD_H 1
| #define HAVE_DLFCN_H 1
| #define LT_OBJDIR ".libs/"
| #define HAVE_PTHREAD_PRIO_INHERIT 1
| #define HAVE_PTHREAD 1
| #define HAVE_DECL_STRERROR_R 1
| #define HAVE_STRERROR_R 1
| #define STRERROR_R_CHAR_P 1
| #define HAVE_FUNC_ATTRIBUTE_VISIBILITY 1
| #define HAVE_ENDIAN_H 1
| #define HAVE_BYTESWAP_H 1
| #define HAVE_STDIO_H 1
| #define HAVE_STDLIB_H 1
| #define HAVE_UNISTD_H 1
| #define HAVE_STRINGS_H 1
| #define HAVE_SYS_TYPES_H 1
| #define HAVE_SYS_STAT_H 1
| #define HAVE_SYS_SELECT_H 1
| #define HAVE_SYS_PRCTL_H 1
| #define HAVE_DECL_STRNLEN 1
| #define HAVE_DECL_DAEMON 1
| #define HAVE_DECL_LE16TOH 1
| #define HAVE_DECL_LE32TOH 1
| #define HAVE_DECL_LE64TOH 1
| #define HAVE_DECL_HTOLE16 1
| #define HAVE_DECL_HTOLE32 1
| #define HAVE_DECL_HTOLE64 1
| #define HAVE_DECL_BE16TOH 1
| #define HAVE_DECL_BE32TOH 1
| #define HAVE_DECL_BE64TOH 1
| #define HAVE_DECL_HTOBE16 1
| #define HAVE_DECL_HTOBE32 1
| #define HAVE_DECL_HTOBE64 1
| #define HAVE_DECL_BSWAP_16 1
| #define HAVE_DECL_BSWAP_32 1
| #define HAVE_DECL_BSWAP_64 1
| #define HAVE_DECL___BUILTIN_CLZ 1
| #define HAVE_DECL___BUILTIN_CLZL 1
| #define HAVE_DECL___BUILTIN_CLZLL 1
| #define HAVE_MSG_NOSIGNAL 1
| #define HAVE_MALLOPT_ARENA_MAX 1
| #define HAVE_VISIBILITY_ATTRIBUTE 1
| #define HAVE_SYS_GETRANDOM 1
| #define HAVE_GETENTROPY 1
| #define HAVE_GETENTROPY_RAND 1
| /* end confdefs.h.  */
| #include <sys/types.h>
|   #include <sys/sysctl.h>
| int
| main ()
| {
|  static const int name[2] = {CTL_KERN, KERN_ARND};
|     sysctl(name, 2, nullptr, nullptr, nullptr, 0);
|   ;
|   return 0;
| }
configure:20416: result: no
configure:20481: checking for Berkeley DB C++ headers
configure:20520: g++ -std=c++11 -c -g -O2 -Wall -Wextra -Wformat -Wvla -Wformat-security -Wno-unused-parameter  -DHAVE_BUILD_INFO -D__STDC_FORMAT_MACROS conftest.cpp >&5
conftest.cpp:65:16: fatal error: bdb5.3/db_cxx.h: No such file or directory
       #include <bdb5.3/db_cxx.h>
                ^~~~~~~~~~~~~~~~~
compilation terminated.
configure:20520: $? = 1
configure: failed program was:
| /* confdefs.h */
| #define PACKAGE_NAME "Floofy Core"
| #define PACKAGE_TARNAME "floofy"
| #define PACKAGE_VERSION "1.0.1"
| #define PACKAGE_STRING "Floofy Core 1.0.1"
| #define PACKAGE_BUGREPORT "https://github.com/floofy/floofy/issues"
| #define PACKAGE_URL "https://floofy.com/"
| #define HAVE_CXX11 1
| #define STDC_HEADERS 1
| #define HAVE_SYS_TYPES_H 1
| #define HAVE_SYS_STAT_H 1
| #define HAVE_STDLIB_H 1
| #define HAVE_STRING_H 1
| #define HAVE_MEMORY_H 1
| #define HAVE_STRINGS_H 1
| #define HAVE_INTTYPES_H 1
| #define HAVE_STDINT_H 1
| #define HAVE_UNISTD_H 1
| #define HAVE_DLFCN_H 1
| #define LT_OBJDIR ".libs/"
| #define HAVE_PTHREAD_PRIO_INHERIT 1
| #define HAVE_PTHREAD 1
| #define HAVE_DECL_STRERROR_R 1
| #define HAVE_STRERROR_R 1
| #define STRERROR_R_CHAR_P 1
| #define HAVE_FUNC_ATTRIBUTE_VISIBILITY 1
| #define HAVE_ENDIAN_H 1
| #define HAVE_BYTESWAP_H 1
| #define HAVE_STDIO_H 1
| #define HAVE_STDLIB_H 1
| #define HAVE_UNISTD_H 1
| #define HAVE_STRINGS_H 1
| #define HAVE_SYS_TYPES_H 1
| #define HAVE_SYS_STAT_H 1
| #define HAVE_SYS_SELECT_H 1
| #define HAVE_SYS_PRCTL_H 1
| #define HAVE_DECL_STRNLEN 1
| #define HAVE_DECL_DAEMON 1
| #define HAVE_DECL_LE16TOH 1
| #define HAVE_DECL_LE32TOH 1
| #define HAVE_DECL_LE64TOH 1
| #define HAVE_DECL_HTOLE16 1
| #define HAVE_DECL_HTOLE32 1
| #define HAVE_DECL_HTOLE64 1
| #define HAVE_DECL_BE16TOH 1
| #define HAVE_DECL_BE32TOH 1
| #define HAVE_DECL_BE64TOH 1
| #define HAVE_DECL_HTOBE16 1
| #define HAVE_DECL_HTOBE32 1
| #define HAVE_DECL_HTOBE64 1
| #define HAVE_DECL_BSWAP_16 1
| #define HAVE_DECL_BSWAP_32 1
| #define HAVE_DECL_BSWAP_64 1
| #define HAVE_DECL___BUILTIN_CLZ 1
| #define HAVE_DECL___BUILTIN_CLZL 1
| #define HAVE_DECL___BUILTIN_CLZLL 1
| #define HAVE_MSG_NOSIGNAL 1
| #define HAVE_MALLOPT_ARENA_MAX 1
| #define HAVE_VISIBILITY_ATTRIBUTE 1
| #define HAVE_SYS_GETRANDOM 1
| #define HAVE_GETENTROPY 1
| #define HAVE_GETENTROPY_RAND 1
| /* end confdefs.h.  */
| 
|       #include <bdb5.3/db_cxx.h>
| 
| int
| main ()
| {
| 
|       #if !((DB_VERSION_MAJOR == 5 && DB_VERSION_MINOR >= 3) || DB_VERSION_MAJOR > 5)
|         #error "failed to find bdb 5.3+"
|       #endif
| 
|   ;
|   return 0;
| }
configure:20520: g++ -std=c++11 -c -g -O2 -Wall -Wextra -Wformat -Wvla -Wformat-security -Wno-unused-parameter  -DHAVE_BUILD_INFO -D__STDC_FORMAT_MACROS conftest.cpp >&5
conftest.cpp:65:16: fatal error: libdb5.3/db_cxx.h: No such file or directory
       #include <libdb5.3/db_cxx.h>
                ^~~~~~~~~~~~~~~~~~~
compilation terminated.
configure:20520: $? = 1
configure: failed program was:
| /* confdefs.h */
| #define PACKAGE_NAME "Floofy Core"
| #define PACKAGE_TARNAME "floofy"
| #define PACKAGE_VERSION "1.0.1"
| #define PACKAGE_STRING "Floofy Core 1.0.1"
| #define PACKAGE_BUGREPORT "https://github.com/floofy/floofy/issues"
| #define PACKAGE_URL "https://floofy.com/"
| #define HAVE_CXX11 1
| #define STDC_HEADERS 1
| #define HAVE_SYS_TYPES_H 1
| #define HAVE_SYS_STAT_H 1
| #define HAVE_STDLIB_H 1
| #define HAVE_STRING_H 1
| #define HAVE_MEMORY_H 1
| #define HAVE_STRINGS_H 1
| #define HAVE_INTTYPES_H 1
| #define HAVE_STDINT_H 1
| #define HAVE_UNISTD_H 1
| #define HAVE_DLFCN_H 1
| #define LT_OBJDIR ".libs/"
| #define HAVE_PTHREAD_PRIO_INHERIT 1
| #define HAVE_PTHREAD 1
| #define HAVE_DECL_STRERROR_R 1
| #define HAVE_STRERROR_R 1
| #define STRERROR_R_CHAR_P 1
| #define HAVE_FUNC_ATTRIBUTE_VISIBILITY 1
| #define HAVE_ENDIAN_H 1
| #define HAVE_BYTESWAP_H 1
| #define HAVE_STDIO_H 1
| #define HAVE_STDLIB_H 1
| #define HAVE_UNISTD_H 1
| #define HAVE_STRINGS_H 1
| #define HAVE_SYS_TYPES_H 1
| #define HAVE_SYS_STAT_H 1
| #define HAVE_SYS_SELECT_H 1
| #define HAVE_SYS_PRCTL_H 1
| #define HAVE_DECL_STRNLEN 1
| #define HAVE_DECL_DAEMON 1
| #define HAVE_DECL_LE16TOH 1
| #define HAVE_DECL_LE32TOH 1
| #define HAVE_DECL_LE64TOH 1
| #define HAVE_DECL_HTOLE16 1
| #define HAVE_DECL_HTOLE32 1
| #define HAVE_DECL_HTOLE64 1
| #define HAVE_DECL_BE16TOH 1
| #define HAVE_DECL_BE32TOH 1
| #define HAVE_DECL_BE64TOH 1
| #define HAVE_DECL_HTOBE16 1
| #define HAVE_DECL_HTOBE32 1
| #define HAVE_DECL_HTOBE64 1
| #define HAVE_DECL_BSWAP_16 1
| #define HAVE_DECL_BSWAP_32 1
| #define HAVE_DECL_BSWAP_64 1
| #define HAVE_DECL___BUILTIN_CLZ 1
| #define HAVE_DECL___BUILTIN_CLZL 1
| #define HAVE_DECL___BUILTIN_CLZLL 1
| #define HAVE_MSG_NOSIGNAL 1
| #define HAVE_MALLOPT_ARENA_MAX 1
| #define HAVE_VISIBILITY_ATTRIBUTE 1
| #define HAVE_SYS_GETRANDOM 1
| #define HAVE_GETENTROPY 1
| #define HAVE_GETENTROPY_RAND 1
| /* end confdefs.h.  */
| 
|       #include <libdb5.3/db_cxx.h>
| 
| int
| main ()
| {
| 
|       #if !((DB_VERSION_MAJOR == 5 && DB_VERSION_MINOR >= 3) || DB_VERSION_MAJOR > 5)
|         #error "failed to find bdb 5.3+"
|       #endif
| 
|   ;
|   return 0;
| }
configure:20520: g++ -std=c++11 -c -g -O2 -Wall -Wextra -Wformat -Wvla -Wformat-security -Wno-unused-parameter  -DHAVE_BUILD_INFO -D__STDC_FORMAT_MACROS conftest.cpp >&5
conftest.cpp:65:16: fatal error: db5.3/db_cxx.h: No such file or directory
       #include <db5.3/db_cxx.h>
                ^~~~~~~~~~~~~~~~
compilation terminated.
configure:20520: $? = 1
configure: failed program was:
| /* confdefs.h */
| #define PACKAGE_NAME "Floofy Core"
| #define PACKAGE_TARNAME "floofy"
| #define PACKAGE_VERSION "1.0.1"
| #define PACKAGE_STRING "Floofy Core 1.0.1"
| #define PACKAGE_BUGREPORT "https://github.com/floofy/floofy/issues"
| #define PACKAGE_URL "https://floofy.com/"
| #define HAVE_CXX11 1
| #define STDC_HEADERS 1
| #define HAVE_SYS_TYPES_H 1
| #define HAVE_SYS_STAT_H 1
| #define HAVE_STDLIB_H 1
| #define HAVE_STRING_H 1
| #define HAVE_MEMORY_H 1
| #define HAVE_STRINGS_H 1
| #define HAVE_INTTYPES_H 1
| #define HAVE_STDINT_H 1
| #define HAVE_UNISTD_H 1
| #define HAVE_DLFCN_H 1
| #define LT_OBJDIR ".libs/"
| #define HAVE_PTHREAD_PRIO_INHERIT 1
| #define HAVE_PTHREAD 1
| #define HAVE_DECL_STRERROR_R 1
| #define HAVE_STRERROR_R 1
| #define STRERROR_R_CHAR_P 1
| #define HAVE_FUNC_ATTRIBUTE_VISIBILITY 1
| #define HAVE_ENDIAN_H 1
| #define HAVE_BYTESWAP_H 1
| #define HAVE_STDIO_H 1
| #define HAVE_STDLIB_H 1
| #define HAVE_UNISTD_H 1
| #define HAVE_STRINGS_H 1
| #define HAVE_SYS_TYPES_H 1
| #define HAVE_SYS_STAT_H 1
| #define HAVE_SYS_SELECT_H 1
| #define HAVE_SYS_PRCTL_H 1
| #define HAVE_DECL_STRNLEN 1
| #define HAVE_DECL_DAEMON 1
| #define HAVE_DECL_LE16TOH 1
| #define HAVE_DECL_LE32TOH 1
| #define HAVE_DECL_LE64TOH 1
| #define HAVE_DECL_HTOLE16 1
| #define HAVE_DECL_HTOLE32 1
| #define HAVE_DECL_HTOLE64 1
| #define HAVE_DECL_BE16TOH 1
| #define HAVE_DECL_BE32TOH 1
| #define HAVE_DECL_BE64TOH 1
| #define HAVE_DECL_HTOBE16 1
| #define HAVE_DECL_HTOBE32 1
| #define HAVE_DECL_HTOBE64 1
| #define HAVE_DECL_BSWAP_16 1
| #define HAVE_DECL_BSWAP_32 1
| #define HAVE_DECL_BSWAP_64 1
| #define HAVE_DECL___BUILTIN_CLZ 1
| #define HAVE_DECL___BUILTIN_CLZL 1
| #define HAVE_DECL___BUILTIN_CLZLL 1
| #define HAVE_MSG_NOSIGNAL 1
| #define HAVE_MALLOPT_ARENA_MAX 1
| #define HAVE_VISIBILITY_ATTRIBUTE 1
| #define HAVE_SYS_GETRANDOM 1
| #define HAVE_GETENTROPY 1
| #define HAVE_GETENTROPY_RAND 1
| /* end confdefs.h.  */
| 
|       #include <db5.3/db_cxx.h>
| 
| int
| main ()
| {
| 
|       #if !((DB_VERSION_MAJOR == 5 && DB_VERSION_MINOR >= 3) || DB_VERSION_MAJOR > 5)
|         #error "failed to find bdb 5.3+"
|       #endif
| 
|   ;
|   return 0;
| }
configure:20520: g++ -std=c++11 -c -g -O2 -Wall -Wextra -Wformat -Wvla -Wformat-security -Wno-unused-parameter  -DHAVE_BUILD_INFO -D__STDC_FORMAT_MACROS conftest.cpp >&5
conftest.cpp:65:16: fatal error: bdb53/db_cxx.h: No such file or directory
       #include <bdb53/db_cxx.h>
                ^~~~~~~~~~~~~~~~
compilation terminated.
configure:20520: $? = 1
configure: failed program was:
| /* confdefs.h */
| #define PACKAGE_NAME "Floofy Core"
| #define PACKAGE_TARNAME "floofy"
| #define PACKAGE_VERSION "1.0.1"
| #define PACKAGE_STRING "Floofy Core 1.0.1"
| #define PACKAGE_BUGREPORT "https://github.com/floofy/floofy/issues"
| #define PACKAGE_URL "https://floofy.com/"
| #define HAVE_CXX11 1
| #define STDC_HEADERS 1
| #define HAVE_SYS_TYPES_H 1
| #define HAVE_SYS_STAT_H 1
| #define HAVE_STDLIB_H 1
| #define HAVE_STRING_H 1
| #define HAVE_MEMORY_H 1
| #define HAVE_STRINGS_H 1
| #define HAVE_INTTYPES_H 1
| #define HAVE_STDINT_H 1
| #define HAVE_UNISTD_H 1
| #define HAVE_DLFCN_H 1
| #define LT_OBJDIR ".libs/"
| #define HAVE_PTHREAD_PRIO_INHERIT 1
| #define HAVE_PTHREAD 1
| #define HAVE_DECL_STRERROR_R 1
| #define HAVE_STRERROR_R 1
| #define STRERROR_R_CHAR_P 1
| #define HAVE_FUNC_ATTRIBUTE_VISIBILITY 1
| #define HAVE_ENDIAN_H 1
| #define HAVE_BYTESWAP_H 1
| #define HAVE_STDIO_H 1
| #define HAVE_STDLIB_H 1
| #define HAVE_UNISTD_H 1
| #define HAVE_STRINGS_H 1
| #define HAVE_SYS_TYPES_H 1
| #define HAVE_SYS_STAT_H 1
| #define HAVE_SYS_SELECT_H 1
| #define HAVE_SYS_PRCTL_H 1
| #define HAVE_DECL_STRNLEN 1
| #define HAVE_DECL_DAEMON 1
| #define HAVE_DECL_LE16TOH 1
| #define HAVE_DECL_LE32TOH 1
| #define HAVE_DECL_LE64TOH 1
| #define HAVE_DECL_HTOLE16 1
| #define HAVE_DECL_HTOLE32 1
| #define HAVE_DECL_HTOLE64 1
| #define HAVE_DECL_BE16TOH 1
| #define HAVE_DECL_BE32TOH 1
| #define HAVE_DECL_BE64TOH 1
| #define HAVE_DECL_HTOBE16 1
| #define HAVE_DECL_HTOBE32 1
| #define HAVE_DECL_HTOBE64 1
| #define HAVE_DECL_BSWAP_16 1
| #define HAVE_DECL_BSWAP_32 1
| #define HAVE_DECL_BSWAP_64 1
| #define HAVE_DECL___BUILTIN_CLZ 1
| #define HAVE_DECL___BUILTIN_CLZL 1
| #define HAVE_DECL___BUILTIN_CLZLL 1
| #define HAVE_MSG_NOSIGNAL 1
| #define HAVE_MALLOPT_ARENA_MAX 1
| #define HAVE_VISIBILITY_ATTRIBUTE 1
| #define HAVE_SYS_GETRANDOM 1
| #define HAVE_GETENTROPY 1
| #define HAVE_GETENTROPY_RAND 1
| /* end confdefs.h.  */
| 
|       #include <bdb53/db_cxx.h>
| 
| int
| main ()
| {
| 
|       #if !((DB_VERSION_MAJOR == 5 && DB_VERSION_MINOR >= 3) || DB_VERSION_MAJOR > 5)
|         #error "failed to find bdb 5.3+"
|       #endif
| 
|   ;
|   return 0;
| }
configure:20520: g++ -std=c++11 -c -g -O2 -Wall -Wextra -Wformat -Wvla -Wformat-security -Wno-unused-parameter  -DHAVE_BUILD_INFO -D__STDC_FORMAT_MACROS conftest.cpp >&5
conftest.cpp:65:16: fatal error: libdb53/db_cxx.h: No such file or directory
       #include <libdb53/db_cxx.h>
                ^~~~~~~~~~~~~~~~~~
compilation terminated.
configure:20520: $? = 1
configure: failed program was:
| /* confdefs.h */
| #define PACKAGE_NAME "Floofy Core"
| #define PACKAGE_TARNAME "floofy"
| #define PACKAGE_VERSION "1.0.1"
| #define PACKAGE_STRING "Floofy Core 1.0.1"
| #define PACKAGE_BUGREPORT "https://github.com/floofy/floofy/issues"
| #define PACKAGE_URL "https://floofy.com/"
| #define HAVE_CXX11 1
| #define STDC_HEADERS 1
| #define HAVE_SYS_TYPES_H 1
| #define HAVE_SYS_STAT_H 1
| #define HAVE_STDLIB_H 1
| #define HAVE_STRING_H 1
| #define HAVE_MEMORY_H 1
| #define HAVE_STRINGS_H 1
| #define HAVE_INTTYPES_H 1
| #define HAVE_STDINT_H 1
| #define HAVE_UNISTD_H 1
| #define HAVE_DLFCN_H 1
| #define LT_OBJDIR ".libs/"
| #define HAVE_PTHREAD_PRIO_INHERIT 1
| #define HAVE_PTHREAD 1
| #define HAVE_DECL_STRERROR_R 1
| #define HAVE_STRERROR_R 1
| #define STRERROR_R_CHAR_P 1
| #define HAVE_FUNC_ATTRIBUTE_VISIBILITY 1
| #define HAVE_ENDIAN_H 1
| #define HAVE_BYTESWAP_H 1
| #define HAVE_STDIO_H 1
| #define HAVE_STDLIB_H 1
| #define HAVE_UNISTD_H 1
| #define HAVE_STRINGS_H 1
| #define HAVE_SYS_TYPES_H 1
| #define HAVE_SYS_STAT_H 1
| #define HAVE_SYS_SELECT_H 1
| #define HAVE_SYS_PRCTL_H 1
| #define HAVE_DECL_STRNLEN 1
| #define HAVE_DECL_DAEMON 1
| #define HAVE_DECL_LE16TOH 1
| #define HAVE_DECL_LE32TOH 1
| #define HAVE_DECL_LE64TOH 1
| #define HAVE_DECL_HTOLE16 1
| #define HAVE_DECL_HTOLE32 1
| #define HAVE_DECL_HTOLE64 1
| #define HAVE_DECL_BE16TOH 1
| #define HAVE_DECL_BE32TOH 1
| #define HAVE_DECL_BE64TOH 1
| #define HAVE_DECL_HTOBE16 1
| #define HAVE_DECL_HTOBE32 1
| #define HAVE_DECL_HTOBE64 1
| #define HAVE_DECL_BSWAP_16 1
| #define HAVE_DECL_BSWAP_32 1
| #define HAVE_DECL_BSWAP_64 1
| #define HAVE_DECL___BUILTIN_CLZ 1
| #define HAVE_DECL___BUILTIN_CLZL 1
| #define HAVE_DECL___BUILTIN_CLZLL 1
| #define HAVE_MSG_NOSIGNAL 1
| #define HAVE_MALLOPT_ARENA_MAX 1
| #define HAVE_VISIBILITY_ATTRIBUTE 1
| #define HAVE_SYS_GETRANDOM 1
| #define HAVE_GETENTROPY 1
| #define HAVE_GETENTROPY_RAND 1
| /* end confdefs.h.  */
| 
|       #include <libdb53/db_cxx.h>
| 
| int
| main ()
| {
| 
|       #if !((DB_VERSION_MAJOR == 5 && DB_VERSION_MINOR >= 3) || DB_VERSION_MAJOR > 5)
|         #error "failed to find bdb 5.3+"
|       #endif
| 
|   ;
|   return 0;
| }
configure:20520: g++ -std=c++11 -c -g -O2 -Wall -Wextra -Wformat -Wvla -Wformat-security -Wno-unused-parameter  -DHAVE_BUILD_INFO -D__STDC_FORMAT_MACROS conftest.cpp >&5
conftest.cpp:65:16: fatal error: db53/db_cxx.h: No such file or directory
       #include <db53/db_cxx.h>
                ^~~~~~~~~~~~~~~
compilation terminated.
configure:20520: $? = 1
configure: failed program was:
| /* confdefs.h */
| #define PACKAGE_NAME "Floofy Core"
| #define PACKAGE_TARNAME "floofy"
| #define PACKAGE_VERSION "1.0.1"
| #define PACKAGE_STRING "Floofy Core 1.0.1"
| #define PACKAGE_BUGREPORT "https://github.com/floofy/floofy/issues"
| #define PACKAGE_URL "https://floofy.com/"
| #define HAVE_CXX11 1
| #define STDC_HEADERS 1
| #define HAVE_SYS_TYPES_H 1
| #define HAVE_SYS_STAT_H 1
| #define HAVE_STDLIB_H 1
| #define HAVE_STRING_H 1
| #define HAVE_MEMORY_H 1
| #define HAVE_STRINGS_H 1
| #define HAVE_INTTYPES_H 1
| #define HAVE_STDINT_H 1
| #define HAVE_UNISTD_H 1
| #define HAVE_DLFCN_H 1
| #define LT_OBJDIR ".libs/"
| #define HAVE_PTHREAD_PRIO_INHERIT 1
| #define HAVE_PTHREAD 1
| #define HAVE_DECL_STRERROR_R 1
| #define HAVE_STRERROR_R 1
| #define STRERROR_R_CHAR_P 1
| #define HAVE_FUNC_ATTRIBUTE_VISIBILITY 1
| #define HAVE_ENDIAN_H 1
| #define HAVE_BYTESWAP_H 1
| #define HAVE_STDIO_H 1
| #define HAVE_STDLIB_H 1
| #define HAVE_UNISTD_H 1
| #define HAVE_STRINGS_H 1
| #define HAVE_SYS_TYPES_H 1
| #define HAVE_SYS_STAT_H 1
| #define HAVE_SYS_SELECT_H 1
| #define HAVE_SYS_PRCTL_H 1
| #define HAVE_DECL_STRNLEN 1
| #define HAVE_DECL_DAEMON 1
| #define HAVE_DECL_LE16TOH 1
| #define HAVE_DECL_LE32TOH 1
| #define HAVE_DECL_LE64TOH 1
| #define HAVE_DECL_HTOLE16 1
| #define HAVE_DECL_HTOLE32 1
| #define HAVE_DECL_HTOLE64 1
| #define HAVE_DECL_BE16TOH 1
| #define HAVE_DECL_BE32TOH 1
| #define HAVE_DECL_BE64TOH 1
| #define HAVE_DECL_HTOBE16 1
| #define HAVE_DECL_HTOBE32 1
| #define HAVE_DECL_HTOBE64 1
| #define HAVE_DECL_BSWAP_16 1
| #define HAVE_DECL_BSWAP_32 1
| #define HAVE_DECL_BSWAP_64 1
| #define HAVE_DECL___BUILTIN_CLZ 1
| #define HAVE_DECL___BUILTIN_CLZL 1
| #define HAVE_DECL___BUILTIN_CLZLL 1
| #define HAVE_MSG_NOSIGNAL 1
| #define HAVE_MALLOPT_ARENA_MAX 1
| #define HAVE_VISIBILITY_ATTRIBUTE 1
| #define HAVE_SYS_GETRANDOM 1
| #define HAVE_GETENTROPY 1
| #define HAVE_GETENTROPY_RAND 1
| /* end confdefs.h.  */
| 
|       #include <db53/db_cxx.h>
| 
| int
| main ()
| {
| 
|       #if !((DB_VERSION_MAJOR == 5 && DB_VERSION_MINOR >= 3) || DB_VERSION_MAJOR > 5)
|         #error "failed to find bdb 5.3+"
|       #endif
| 
|   ;
|   return 0;
| }
configure:20520: g++ -std=c++11 -c -g -O2 -Wall -Wextra -Wformat -Wvla -Wformat-security -Wno-unused-parameter  -DHAVE_BUILD_INFO -D__STDC_FORMAT_MACROS conftest.cpp >&5
conftest.cpp:65:16: fatal error: bdb5/db_cxx.h: No such file or directory
       #include <bdb5/db_cxx.h>
                ^~~~~~~~~~~~~~~
compilation terminated.
configure:20520: $? = 1
configure: failed program was:
| /* confdefs.h */
| #define PACKAGE_NAME "Floofy Core"
| #define PACKAGE_TARNAME "floofy"
| #define PACKAGE_VERSION "1.0.1"
| #define PACKAGE_STRING "Floofy Core 1.0.1"
| #define PACKAGE_BUGREPORT "https://github.com/floofy/floofy/issues"
| #define PACKAGE_URL "https://floofy.com/"
| #define HAVE_CXX11 1
| #define STDC_HEADERS 1
| #define HAVE_SYS_TYPES_H 1
| #define HAVE_SYS_STAT_H 1
| #define HAVE_STDLIB_H 1
| #define HAVE_STRING_H 1
| #define HAVE_MEMORY_H 1
| #define HAVE_STRINGS_H 1
| #define HAVE_INTTYPES_H 1
| #define HAVE_STDINT_H 1
| #define HAVE_UNISTD_H 1
| #define HAVE_DLFCN_H 1
| #define LT_OBJDIR ".libs/"
| #define HAVE_PTHREAD_PRIO_INHERIT 1
| #define HAVE_PTHREAD 1
| #define HAVE_DECL_STRERROR_R 1
| #define HAVE_STRERROR_R 1
| #define STRERROR_R_CHAR_P 1
| #define HAVE_FUNC_ATTRIBUTE_VISIBILITY 1
| #define HAVE_ENDIAN_H 1
| #define HAVE_BYTESWAP_H 1
| #define HAVE_STDIO_H 1
| #define HAVE_STDLIB_H 1
| #define HAVE_UNISTD_H 1
| #define HAVE_STRINGS_H 1
| #define HAVE_SYS_TYPES_H 1
| #define HAVE_SYS_STAT_H 1
| #define HAVE_SYS_SELECT_H 1
| #define HAVE_SYS_PRCTL_H 1
| #define HAVE_DECL_STRNLEN 1
| #define HAVE_DECL_DAEMON 1
| #define HAVE_DECL_LE16TOH 1
| #define HAVE_DECL_LE32TOH 1
| #define HAVE_DECL_LE64TOH 1
| #define HAVE_DECL_HTOLE16 1
| #define HAVE_DECL_HTOLE32 1
| #define HAVE_DECL_HTOLE64 1
| #define HAVE_DECL_BE16TOH 1
| #define HAVE_DECL_BE32TOH 1
| #define HAVE_DECL_BE64TOH 1
| #define HAVE_DECL_HTOBE16 1
| #define HAVE_DECL_HTOBE32 1
| #define HAVE_DECL_HTOBE64 1
| #define HAVE_DECL_BSWAP_16 1
| #define HAVE_DECL_BSWAP_32 1
| #define HAVE_DECL_BSWAP_64 1
| #define HAVE_DECL___BUILTIN_CLZ 1
| #define HAVE_DECL___BUILTIN_CLZL 1
| #define HAVE_DECL___BUILTIN_CLZLL 1
| #define HAVE_MSG_NOSIGNAL 1
| #define HAVE_MALLOPT_ARENA_MAX 1
| #define HAVE_VISIBILITY_ATTRIBUTE 1
| #define HAVE_SYS_GETRANDOM 1
| #define HAVE_GETENTROPY 1
| #define HAVE_GETENTROPY_RAND 1
| /* end confdefs.h.  */
| 
|       #include <bdb5/db_cxx.h>
| 
| int
| main ()
| {
| 
|       #if !((DB_VERSION_MAJOR == 5 && DB_VERSION_MINOR >= 3) || DB_VERSION_MAJOR > 5)
|         #error "failed to find bdb 5.3+"
|       #endif
| 
|   ;
|   return 0;
| }
configure:20520: g++ -std=c++11 -c -g -O2 -Wall -Wextra -Wformat -Wvla -Wformat-security -Wno-unused-parameter  -DHAVE_BUILD_INFO -D__STDC_FORMAT_MACROS conftest.cpp >&5
conftest.cpp:65:16: fatal error: libdb5/db_cxx.h: No such file or directory
       #include <libdb5/db_cxx.h>
                ^~~~~~~~~~~~~~~~~
compilation terminated.
configure:20520: $? = 1
configure: failed program was:
| /* confdefs.h */
| #define PACKAGE_NAME "Floofy Core"
| #define PACKAGE_TARNAME "floofy"
| #define PACKAGE_VERSION "1.0.1"
| #define PACKAGE_STRING "Floofy Core 1.0.1"
| #define PACKAGE_BUGREPORT "https://github.com/floofy/floofy/issues"
| #define PACKAGE_URL "https://floofy.com/"
| #define HAVE_CXX11 1
| #define STDC_HEADERS 1
| #define HAVE_SYS_TYPES_H 1
| #define HAVE_SYS_STAT_H 1
| #define HAVE_STDLIB_H 1
| #define HAVE_STRING_H 1
| #define HAVE_MEMORY_H 1
| #define HAVE_STRINGS_H 1
| #define HAVE_INTTYPES_H 1
| #define HAVE_STDINT_H 1
| #define HAVE_UNISTD_H 1
| #define HAVE_DLFCN_H 1
| #define LT_OBJDIR ".libs/"
| #define HAVE_PTHREAD_PRIO_INHERIT 1
| #define HAVE_PTHREAD 1
| #define HAVE_DECL_STRERROR_R 1
| #define HAVE_STRERROR_R 1
| #define STRERROR_R_CHAR_P 1
| #define HAVE_FUNC_ATTRIBUTE_VISIBILITY 1
| #define HAVE_ENDIAN_H 1
| #define HAVE_BYTESWAP_H 1
| #define HAVE_STDIO_H 1
| #define HAVE_STDLIB_H 1
| #define HAVE_UNISTD_H 1
| #define HAVE_STRINGS_H 1
| #define HAVE_SYS_TYPES_H 1
| #define HAVE_SYS_STAT_H 1
| #define HAVE_SYS_SELECT_H 1
| #define HAVE_SYS_PRCTL_H 1
| #define HAVE_DECL_STRNLEN 1
| #define HAVE_DECL_DAEMON 1
| #define HAVE_DECL_LE16TOH 1
| #define HAVE_DECL_LE32TOH 1
| #define HAVE_DECL_LE64TOH 1
| #define HAVE_DECL_HTOLE16 1
| #define HAVE_DECL_HTOLE32 1
| #define HAVE_DECL_HTOLE64 1
| #define HAVE_DECL_BE16TOH 1
| #define HAVE_DECL_BE32TOH 1
| #define HAVE_DECL_BE64TOH 1
| #define HAVE_DECL_HTOBE16 1
| #define HAVE_DECL_HTOBE32 1
| #define HAVE_DECL_HTOBE64 1
| #define HAVE_DECL_BSWAP_16 1
| #define HAVE_DECL_BSWAP_32 1
| #define HAVE_DECL_BSWAP_64 1
| #define HAVE_DECL___BUILTIN_CLZ 1
| #define HAVE_DECL___BUILTIN_CLZL 1
| #define HAVE_DECL___BUILTIN_CLZLL 1
| #define HAVE_MSG_NOSIGNAL 1
| #define HAVE_MALLOPT_ARENA_MAX 1
| #define HAVE_VISIBILITY_ATTRIBUTE 1
| #define HAVE_SYS_GETRANDOM 1
| #define HAVE_GETENTROPY 1
| #define HAVE_GETENTROPY_RAND 1
| /* end confdefs.h.  */
| 
|       #include <libdb5/db_cxx.h>
| 
| int
| main ()
| {
| 
|       #if !((DB_VERSION_MAJOR == 5 && DB_VERSION_MINOR >= 3) || DB_VERSION_MAJOR > 5)
|         #error "failed to find bdb 5.3+"
|       #endif
| 
|   ;
|   return 0;
| }
configure:20520: g++ -std=c++11 -c -g -O2 -Wall -Wextra -Wformat -Wvla -Wformat-security -Wno-unused-parameter  -DHAVE_BUILD_INFO -D__STDC_FORMAT_MACROS conftest.cpp >&5
conftest.cpp:65:16: fatal error: db5/db_cxx.h: No such file or directory
       #include <db5/db_cxx.h>
                ^~~~~~~~~~~~~~
compilation terminated.
configure:20520: $? = 1
configure: failed program was:
| /* confdefs.h */
| #define PACKAGE_NAME "Floofy Core"
| #define PACKAGE_TARNAME "floofy"
| #define PACKAGE_VERSION "1.0.1"
| #define PACKAGE_STRING "Floofy Core 1.0.1"
| #define PACKAGE_BUGREPORT "https://github.com/floofy/floofy/issues"
| #define PACKAGE_URL "https://floofy.com/"
| #define HAVE_CXX11 1
| #define STDC_HEADERS 1
| #define HAVE_SYS_TYPES_H 1
| #define HAVE_SYS_STAT_H 1
| #define HAVE_STDLIB_H 1
| #define HAVE_STRING_H 1
| #define HAVE_MEMORY_H 1
| #define HAVE_STRINGS_H 1
| #define HAVE_INTTYPES_H 1
| #define HAVE_STDINT_H 1
| #define HAVE_UNISTD_H 1
| #define HAVE_DLFCN_H 1
| #define LT_OBJDIR ".libs/"
| #define HAVE_PTHREAD_PRIO_INHERIT 1
| #define HAVE_PTHREAD 1
| #define HAVE_DECL_STRERROR_R 1
| #define HAVE_STRERROR_R 1
| #define STRERROR_R_CHAR_P 1
| #define HAVE_FUNC_ATTRIBUTE_VISIBILITY 1
| #define HAVE_ENDIAN_H 1
| #define HAVE_BYTESWAP_H 1
| #define HAVE_STDIO_H 1
| #define HAVE_STDLIB_H 1
| #define HAVE_UNISTD_H 1
| #define HAVE_STRINGS_H 1
| #define HAVE_SYS_TYPES_H 1
| #define HAVE_SYS_STAT_H 1
| #define HAVE_SYS_SELECT_H 1
| #define HAVE_SYS_PRCTL_H 1
| #define HAVE_DECL_STRNLEN 1
| #define HAVE_DECL_DAEMON 1
| #define HAVE_DECL_LE16TOH 1
| #define HAVE_DECL_LE32TOH 1
| #define HAVE_DECL_LE64TOH 1
| #define HAVE_DECL_HTOLE16 1
| #define HAVE_DECL_HTOLE32 1
| #define HAVE_DECL_HTOLE64 1
| #define HAVE_DECL_BE16TOH 1
| #define HAVE_DECL_BE32TOH 1
| #define HAVE_DECL_BE64TOH 1
| #define HAVE_DECL_HTOBE16 1
| #define HAVE_DECL_HTOBE32 1
| #define HAVE_DECL_HTOBE64 1
| #define HAVE_DECL_BSWAP_16 1
| #define HAVE_DECL_BSWAP_32 1
| #define HAVE_DECL_BSWAP_64 1
| #define HAVE_DECL___BUILTIN_CLZ 1
| #define HAVE_DECL___BUILTIN_CLZL 1
| #define HAVE_DECL___BUILTIN_CLZLL 1
| #define HAVE_MSG_NOSIGNAL 1
| #define HAVE_MALLOPT_ARENA_MAX 1
| #define HAVE_VISIBILITY_ATTRIBUTE 1
| #define HAVE_SYS_GETRANDOM 1
| #define HAVE_GETENTROPY 1
| #define HAVE_GETENTROPY_RAND 1
| /* end confdefs.h.  */
| 
|       #include <db5/db_cxx.h>
| 
| int
| main ()
| {
| 
|       #if !((DB_VERSION_MAJOR == 5 && DB_VERSION_MINOR >= 3) || DB_VERSION_MAJOR > 5)
|         #error "failed to find bdb 5.3+"
|       #endif
| 
|   ;
|   return 0;
| }
configure:20520: g++ -std=c++11 -c -g -O2 -Wall -Wextra -Wformat -Wvla -Wformat-security -Wno-unused-parameter  -DHAVE_BUILD_INFO -D__STDC_FORMAT_MACROS conftest.cpp >&5
conftest.cpp:65:16: fatal error: bdb/db_cxx.h: No such file or directory
       #include <bdb/db_cxx.h>
                ^~~~~~~~~~~~~~
compilation terminated.
configure:20520: $? = 1
configure: failed program was:
| /* confdefs.h */
| #define PACKAGE_NAME "Floofy Core"
| #define PACKAGE_TARNAME "floofy"
| #define PACKAGE_VERSION "1.0.1"
| #define PACKAGE_STRING "Floofy Core 1.0.1"
| #define PACKAGE_BUGREPORT "https://github.com/floofy/floofy/issues"
| #define PACKAGE_URL "https://floofy.com/"
| #define HAVE_CXX11 1
| #define STDC_HEADERS 1
| #define HAVE_SYS_TYPES_H 1
| #define HAVE_SYS_STAT_H 1
| #define HAVE_STDLIB_H 1
| #define HAVE_STRING_H 1
| #define HAVE_MEMORY_H 1
| #define HAVE_STRINGS_H 1
| #define HAVE_INTTYPES_H 1
| #define HAVE_STDINT_H 1
| #define HAVE_UNISTD_H 1
| #define HAVE_DLFCN_H 1
| #define LT_OBJDIR ".libs/"
| #define HAVE_PTHREAD_PRIO_INHERIT 1
| #define HAVE_PTHREAD 1
| #define HAVE_DECL_STRERROR_R 1
| #define HAVE_STRERROR_R 1
| #define STRERROR_R_CHAR_P 1
| #define HAVE_FUNC_ATTRIBUTE_VISIBILITY 1
| #define HAVE_ENDIAN_H 1
| #define HAVE_BYTESWAP_H 1
| #define HAVE_STDIO_H 1
| #define HAVE_STDLIB_H 1
| #define HAVE_UNISTD_H 1
| #define HAVE_STRINGS_H 1
| #define HAVE_SYS_TYPES_H 1
| #define HAVE_SYS_STAT_H 1
| #define HAVE_SYS_SELECT_H 1
| #define HAVE_SYS_PRCTL_H 1
| #define HAVE_DECL_STRNLEN 1
| #define HAVE_DECL_DAEMON 1
| #define HAVE_DECL_LE16TOH 1
| #define HAVE_DECL_LE32TOH 1
| #define HAVE_DECL_LE64TOH 1
| #define HAVE_DECL_HTOLE16 1
| #define HAVE_DECL_HTOLE32 1
| #define HAVE_DECL_HTOLE64 1
| #define HAVE_DECL_BE16TOH 1
| #define HAVE_DECL_BE32TOH 1
| #define HAVE_DECL_BE64TOH 1
| #define HAVE_DECL_HTOBE16 1
| #define HAVE_DECL_HTOBE32 1
| #define HAVE_DECL_HTOBE64 1
| #define HAVE_DECL_BSWAP_16 1
| #define HAVE_DECL_BSWAP_32 1
| #define HAVE_DECL_BSWAP_64 1
| #define HAVE_DECL___BUILTIN_CLZ 1
| #define HAVE_DECL___BUILTIN_CLZL 1
| #define HAVE_DECL___BUILTIN_CLZLL 1
| #define HAVE_MSG_NOSIGNAL 1
| #define HAVE_MALLOPT_ARENA_MAX 1
| #define HAVE_VISIBILITY_ATTRIBUTE 1
| #define HAVE_SYS_GETRANDOM 1
| #define HAVE_GETENTROPY 1
| #define HAVE_GETENTROPY_RAND 1
| /* end confdefs.h.  */
| 
|       #include <bdb/db_cxx.h>
| 
| int
| main ()
| {
| 
|       #if !((DB_VERSION_MAJOR == 5 && DB_VERSION_MINOR >= 3) || DB_VERSION_MAJOR > 5)
|         #error "failed to find bdb 5.3+"
|       #endif
| 
|   ;
|   return 0;
| }
configure:20520: g++ -std=c++11 -c -g -O2 -Wall -Wextra -Wformat -Wvla -Wformat-security -Wno-unused-parameter  -DHAVE_BUILD_INFO -D__STDC_FORMAT_MACROS conftest.cpp >&5
conftest.cpp:65:16: fatal error: libdb/db_cxx.h: No such file or directory
       #include <libdb/db_cxx.h>
                ^~~~~~~~~~~~~~~~
compilation terminated.
configure:20520: $? = 1
configure: failed program was:
| /* confdefs.h */
| #define PACKAGE_NAME "Floofy Core"
| #define PACKAGE_TARNAME "floofy"
| #define PACKAGE_VERSION "1.0.1"
| #define PACKAGE_STRING "Floofy Core 1.0.1"
| #define PACKAGE_BUGREPORT "https://github.com/floofy/floofy/issues"
| #define PACKAGE_URL "https://floofy.com/"
| #define HAVE_CXX11 1
| #define STDC_HEADERS 1
| #define HAVE_SYS_TYPES_H 1
| #define HAVE_SYS_STAT_H 1
| #define HAVE_STDLIB_H 1
| #define HAVE_STRING_H 1
| #define HAVE_MEMORY_H 1
| #define HAVE_STRINGS_H 1
| #define HAVE_INTTYPES_H 1
| #define HAVE_STDINT_H 1
| #define HAVE_UNISTD_H 1
| #define HAVE_DLFCN_H 1
| #define LT_OBJDIR ".libs/"
| #define HAVE_PTHREAD_PRIO_INHERIT 1
| #define HAVE_PTHREAD 1
| #define HAVE_DECL_STRERROR_R 1
| #define HAVE_STRERROR_R 1
| #define STRERROR_R_CHAR_P 1
| #define HAVE_FUNC_ATTRIBUTE_VISIBILITY 1
| #define HAVE_ENDIAN_H 1
| #define HAVE_BYTESWAP_H 1
| #define HAVE_STDIO_H 1
| #define HAVE_STDLIB_H 1
| #define HAVE_UNISTD_H 1
| #define HAVE_STRINGS_H 1
| #define HAVE_SYS_TYPES_H 1
| #define HAVE_SYS_STAT_H 1
| #define HAVE_SYS_SELECT_H 1
| #define HAVE_SYS_PRCTL_H 1
| #define HAVE_DECL_STRNLEN 1
| #define HAVE_DECL_DAEMON 1
| #define HAVE_DECL_LE16TOH 1
| #define HAVE_DECL_LE32TOH 1
| #define HAVE_DECL_LE64TOH 1
| #define HAVE_DECL_HTOLE16 1
| #define HAVE_DECL_HTOLE32 1
| #define HAVE_DECL_HTOLE64 1
| #define HAVE_DECL_BE16TOH 1
| #define HAVE_DECL_BE32TOH 1
| #define HAVE_DECL_BE64TOH 1
| #define HAVE_DECL_HTOBE16 1
| #define HAVE_DECL_HTOBE32 1
| #define HAVE_DECL_HTOBE64 1
| #define HAVE_DECL_BSWAP_16 1
| #define HAVE_DECL_BSWAP_32 1
| #define HAVE_DECL_BSWAP_64 1
| #define HAVE_DECL___BUILTIN_CLZ 1
| #define HAVE_DECL___BUILTIN_CLZL 1
| #define HAVE_DECL___BUILTIN_CLZLL 1
| #define HAVE_MSG_NOSIGNAL 1
| #define HAVE_MALLOPT_ARENA_MAX 1
| #define HAVE_VISIBILITY_ATTRIBUTE 1
| #define HAVE_SYS_GETRANDOM 1
| #define HAVE_GETENTROPY 1
| #define HAVE_GETENTROPY_RAND 1
| /* end confdefs.h.  */
| 
|       #include <libdb/db_cxx.h>
| 
| int
| main ()
| {
| 
|       #if !((DB_VERSION_MAJOR == 5 && DB_VERSION_MINOR >= 3) || DB_VERSION_MAJOR > 5)
|         #error "failed to find bdb 5.3+"
|       #endif
| 
|   ;
|   return 0;
| }
configure:20520: g++ -std=c++11 -c -g -O2 -Wall -Wextra -Wformat -Wvla -Wformat-security -Wno-unused-parameter  -DHAVE_BUILD_INFO -D__STDC_FORMAT_MACROS conftest.cpp >&5
conftest.cpp:65:16: fatal error: db/db_cxx.h: No such file or directory
       #include <db/db_cxx.h>
                ^~~~~~~~~~~~~
compilation terminated.
configure:20520: $? = 1
configure: failed program was:
| /* confdefs.h */
| #define PACKAGE_NAME "Floofy Core"
| #define PACKAGE_TARNAME "floofy"
| #define PACKAGE_VERSION "1.0.1"
| #define PACKAGE_STRING "Floofy Core 1.0.1"
| #define PACKAGE_BUGREPORT "https://github.com/floofy/floofy/issues"
| #define PACKAGE_URL "https://floofy.com/"
| #define HAVE_CXX11 1
| #define STDC_HEADERS 1
| #define HAVE_SYS_TYPES_H 1
| #define HAVE_SYS_STAT_H 1
| #define HAVE_STDLIB_H 1
| #define HAVE_STRING_H 1
| #define HAVE_MEMORY_H 1
| #define HAVE_STRINGS_H 1
| #define HAVE_INTTYPES_H 1
| #define HAVE_STDINT_H 1
| #define HAVE_UNISTD_H 1
| #define HAVE_DLFCN_H 1
| #define LT_OBJDIR ".libs/"
| #define HAVE_PTHREAD_PRIO_INHERIT 1
| #define HAVE_PTHREAD 1
| #define HAVE_DECL_STRERROR_R 1
| #define HAVE_STRERROR_R 1
| #define STRERROR_R_CHAR_P 1
| #define HAVE_FUNC_ATTRIBUTE_VISIBILITY 1
| #define HAVE_ENDIAN_H 1
| #define HAVE_BYTESWAP_H 1
| #define HAVE_STDIO_H 1
| #define HAVE_STDLIB_H 1
| #define HAVE_UNISTD_H 1
| #define HAVE_STRINGS_H 1
| #define HAVE_SYS_TYPES_H 1
| #define HAVE_SYS_STAT_H 1
| #define HAVE_SYS_SELECT_H 1
| #define HAVE_SYS_PRCTL_H 1
| #define HAVE_DECL_STRNLEN 1
| #define HAVE_DECL_DAEMON 1
| #define HAVE_DECL_LE16TOH 1
| #define HAVE_DECL_LE32TOH 1
| #define HAVE_DECL_LE64TOH 1
| #define HAVE_DECL_HTOLE16 1
| #define HAVE_DECL_HTOLE32 1
| #define HAVE_DECL_HTOLE64 1
| #define HAVE_DECL_BE16TOH 1
| #define HAVE_DECL_BE32TOH 1
| #define HAVE_DECL_BE64TOH 1
| #define HAVE_DECL_HTOBE16 1
| #define HAVE_DECL_HTOBE32 1
| #define HAVE_DECL_HTOBE64 1
| #define HAVE_DECL_BSWAP_16 1
| #define HAVE_DECL_BSWAP_32 1
| #define HAVE_DECL_BSWAP_64 1
| #define HAVE_DECL___BUILTIN_CLZ 1
| #define HAVE_DECL___BUILTIN_CLZL 1
| #define HAVE_DECL___BUILTIN_CLZLL 1
| #define HAVE_MSG_NOSIGNAL 1
| #define HAVE_MALLOPT_ARENA_MAX 1
| #define HAVE_VISIBILITY_ATTRIBUTE 1
| #define HAVE_SYS_GETRANDOM 1
| #define HAVE_GETENTROPY 1
| #define HAVE_GETENTROPY_RAND 1
| /* end confdefs.h.  */
| 
|       #include <db/db_cxx.h>
| 
| int
| main ()
| {
| 
|       #if !((DB_VERSION_MAJOR == 5 && DB_VERSION_MINOR >= 3) || DB_VERSION_MAJOR > 5)
|         #error "failed to find bdb 5.3+"
|       #endif
| 
|   ;
|   return 0;
| }
configure:20520: g++ -std=c++11 -c -g -O2 -Wall -Wextra -Wformat -Wvla -Wformat-security -Wno-unused-parameter  -DHAVE_BUILD_INFO -D__STDC_FORMAT_MACROS conftest.cpp >&5
configure:20520: $? = 0
configure:20549: g++ -std=c++11 -c -g -O2 -Wall -Wextra -Wformat -Wvla -Wformat-security -Wno-unused-parameter  -DHAVE_BUILD_INFO -D__STDC_FORMAT_MACROS conftest.cpp >&5
configure:20549: $? = 0
configure:20592: result: default
configure:20618: checking for main in -ldb_cxx-5.3
configure:20637: g++ -std=c++11 -o conftest -g -O2 -Wall -Wextra -Wformat -Wvla -Wformat-security -Wno-unused-parameter  -DHAVE_BUILD_INFO -D__STDC_FORMAT_MACROS  conftest.cpp -ldb_cxx-5.3   >&5
configure:20637: $? = 0
configure:20647: result: yes
configure:20727: checking miniupnpc/miniwget.h usability
configure:20727: g++ -std=c++11 -c -g -O2 -Wall -Wextra -Wformat -Wvla -Wformat-security -Wno-unused-parameter  -DHAVE_BUILD_INFO -D__STDC_FORMAT_MACROS conftest.cpp >&5
configure:20727: $? = 0
configure:20727: result: yes
configure:20727: checking miniupnpc/miniwget.h presence
configure:20727: g++ -std=c++11 -E  -DHAVE_BUILD_INFO -D__STDC_FORMAT_MACROS conftest.cpp
configure:20727: $? = 0
configure:20727: result: yes
configure:20727: checking for miniupnpc/miniwget.h
configure:20727: result: yes
configure:20732: checking for main in -lminiupnpc
configure:20751: g++ -std=c++11 -o conftest -g -O2 -Wall -Wextra -Wformat -Wvla -Wformat-security -Wno-unused-parameter  -DHAVE_BUILD_INFO -D__STDC_FORMAT_MACROS  conftest.cpp -lminiupnpc   >&5
configure:20751: $? = 0
configure:20760: result: yes
configure:20727: checking miniupnpc/miniupnpc.h usability
configure:20727: g++ -std=c++11 -c -g -O2 -Wall -Wextra -Wformat -Wvla -Wformat-security -Wno-unused-parameter  -DHAVE_BUILD_INFO -D__STDC_FORMAT_MACROS conftest.cpp >&5
configure:20727: $? = 0
configure:20727: result: yes
configure:20727: checking miniupnpc/miniupnpc.h presence
configure:20727: g++ -std=c++11 -E  -DHAVE_BUILD_INFO -D__STDC_FORMAT_MACROS conftest.cpp
configure:20727: $? = 0
configure:20727: result: yes
configure:20727: checking for miniupnpc/miniupnpc.h
configure:20727: result: yes
configure:20732: checking for main in -lminiupnpc
configure:20760: result: yes
configure:20727: checking miniupnpc/upnpcommands.h usability
configure:20727: g++ -std=c++11 -c -g -O2 -Wall -Wextra -Wformat -Wvla -Wformat-security -Wno-unused-parameter  -DHAVE_BUILD_INFO -D__STDC_FORMAT_MACROS conftest.cpp >&5
configure:20727: $? = 0
configure:20727: result: yes
configure:20727: checking miniupnpc/upnpcommands.h presence
configure:20727: g++ -std=c++11 -E  -DHAVE_BUILD_INFO -D__STDC_FORMAT_MACROS conftest.cpp
configure:20727: $? = 0
configure:20727: result: yes
configure:20727: checking for miniupnpc/upnpcommands.h
configure:20727: result: yes
configure:20732: checking for main in -lminiupnpc
configure:20760: result: yes
configure:20727: checking miniupnpc/upnperrors.h usability
configure:20727: g++ -std=c++11 -c -g -O2 -Wall -Wextra -Wformat -Wvla -Wformat-security -Wno-unused-parameter  -DHAVE_BUILD_INFO -D__STDC_FORMAT_MACROS conftest.cpp >&5
configure:20727: $? = 0
configure:20727: result: yes
configure:20727: checking miniupnpc/upnperrors.h presence
configure:20727: g++ -std=c++11 -E  -DHAVE_BUILD_INFO -D__STDC_FORMAT_MACROS conftest.cpp
configure:20727: $? = 0
configure:20727: result: yes
configure:20727: checking for miniupnpc/upnperrors.h
configure:20727: result: yes
configure:20732: checking for main in -lminiupnpc
configure:20760: result: yes
configure:20866: checking for QT
configure:20873: $PKG_CONFIG --exists --print-errors "$qt5_modules"
configure:20876: $? = 0
configure:20890: $PKG_CONFIG --exists --print-errors "$qt5_modules"
configure:20893: $? = 0
configure:20931: result: yes
configure:20964: checking for QT_TEST
configure:20971: $PKG_CONFIG --exists --print-errors "${QT_LIB_PREFIX}Test"
configure:20974: $? = 0
configure:20988: $PKG_CONFIG --exists --print-errors "${QT_LIB_PREFIX}Test"
configure:20991: $? = 0
configure:21029: result: yes
configure:21036: checking for QT_DBUS
configure:21043: $PKG_CONFIG --exists --print-errors "${QT_LIB_PREFIX}DBus"
configure:21046: $? = 0
configure:21060: $PKG_CONFIG --exists --print-errors "${QT_LIB_PREFIX}DBus"
configure:21063: $? = 0
configure:21101: result: yes
configure:22124: checking for static Qt
configure:22147: g++ -std=c++11 -c -fPIC -g -O2 -Wall -Wextra -Wformat -Wvla -Wformat-security -Wno-unused-parameter -DQT_NETWORK_LIB -DQT_PRINTSUPPORT_LIB -DQT_WIDGETS_LIB -DQT_GUI_LIB -DQT_CORE_LIB -I/usr/include/x86_64-linux-gnu/qt5/QtNetwork -I/usr/include/x86_64-linux-gnu/qt5 -I/usr/include/x86_64-linux-gnu/qt5/QtPrintSupport -I/usr/include/x86_64-linux-gnu/qt5 -I/usr/include/x86_64-linux-gnu/qt5/QtWidgets -I/usr/include/x86_64-linux-gnu/qt5 -I/usr/include/x86_64-linux-gnu/qt5/QtGui -I/usr/include/x86_64-linux-gnu/qt5 -I/usr/include/x86_64-linux-gnu/qt5/QtCore -I/usr/include/x86_64-linux-gnu/qt5  -DHAVE_BUILD_INFO -D__STDC_FORMAT_MACROS conftest.cpp >&5
conftest.cpp: In function 'int main()':
conftest.cpp:76:7: error: 'choke' was not declared in this scope
       choke me
       ^~~~~
conftest.cpp:76:7: note: suggested alternative: 'clone'
       choke me
       ^~~~~
       clone
configure:22147: $? = 1
configure: failed program was:
| /* confdefs.h */
| #define PACKAGE_NAME "Floofy Core"
| #define PACKAGE_TARNAME "floofy"
| #define PACKAGE_VERSION "1.0.1"
| #define PACKAGE_STRING "Floofy Core 1.0.1"
| #define PACKAGE_BUGREPORT "https://github.com/floofy/floofy/issues"
| #define PACKAGE_URL "https://floofy.com/"
| #define HAVE_CXX11 1
| #define STDC_HEADERS 1
| #define HAVE_SYS_TYPES_H 1
| #define HAVE_SYS_STAT_H 1
| #define HAVE_STDLIB_H 1
| #define HAVE_STRING_H 1
| #define HAVE_MEMORY_H 1
| #define HAVE_STRINGS_H 1
| #define HAVE_INTTYPES_H 1
| #define HAVE_STDINT_H 1
| #define HAVE_UNISTD_H 1
| #define HAVE_DLFCN_H 1
| #define LT_OBJDIR ".libs/"
| #define HAVE_PTHREAD_PRIO_INHERIT 1
| #define HAVE_PTHREAD 1
| #define HAVE_DECL_STRERROR_R 1
| #define HAVE_STRERROR_R 1
| #define STRERROR_R_CHAR_P 1
| #define HAVE_FUNC_ATTRIBUTE_VISIBILITY 1
| #define HAVE_ENDIAN_H 1
| #define HAVE_BYTESWAP_H 1
| #define HAVE_STDIO_H 1
| #define HAVE_STDLIB_H 1
| #define HAVE_UNISTD_H 1
| #define HAVE_STRINGS_H 1
| #define HAVE_SYS_TYPES_H 1
| #define HAVE_SYS_STAT_H 1
| #define HAVE_SYS_SELECT_H 1
| #define HAVE_SYS_PRCTL_H 1
| #define HAVE_DECL_STRNLEN 1
| #define HAVE_DECL_DAEMON 1
| #define HAVE_DECL_LE16TOH 1
| #define HAVE_DECL_LE32TOH 1
| #define HAVE_DECL_LE64TOH 1
| #define HAVE_DECL_HTOLE16 1
| #define HAVE_DECL_HTOLE32 1
| #define HAVE_DECL_HTOLE64 1
| #define HAVE_DECL_BE16TOH 1
| #define HAVE_DECL_BE32TOH 1
| #define HAVE_DECL_BE64TOH 1
| #define HAVE_DECL_HTOBE16 1
| #define HAVE_DECL_HTOBE32 1
| #define HAVE_DECL_HTOBE64 1
| #define HAVE_DECL_BSWAP_16 1
| #define HAVE_DECL_BSWAP_32 1
| #define HAVE_DECL_BSWAP_64 1
| #define HAVE_DECL___BUILTIN_CLZ 1
| #define HAVE_DECL___BUILTIN_CLZL 1
| #define HAVE_DECL___BUILTIN_CLZLL 1
| #define HAVE_MSG_NOSIGNAL 1
| #define HAVE_MALLOPT_ARENA_MAX 1
| #define HAVE_VISIBILITY_ATTRIBUTE 1
| #define HAVE_SYS_GETRANDOM 1
| #define HAVE_GETENTROPY 1
| #define HAVE_GETENTROPY_RAND 1
| #define HAVE_MINIUPNPC_MINIWGET_H 1
| #define HAVE_MINIUPNPC_MINIUPNPC_H 1
| #define HAVE_MINIUPNPC_UPNPCOMMANDS_H 1
| #define HAVE_MINIUPNPC_UPNPERRORS_H 1
| /* end confdefs.h.  */
| #include <QtCore>
| int
| main ()
| {
| 
|       #if defined(QT_STATIC)
|       return 0;
|       #else
|       choke me
|       #endif
| 
|   ;
|   return 0;
| }
configure:22155: result: no
configure:22947: checking whether -fPIE can be used with this Qt config
configure:22968: g++ -std=c++11 -c -fPIE -g -O2 -Wall -Wextra -Wformat -Wvla -Wformat-security -Wno-unused-parameter -DQT_NETWORK_LIB -DQT_PRINTSUPPORT_LIB -DQT_WIDGETS_LIB -DQT_GUI_LIB -DQT_CORE_LIB -I/usr/include/x86_64-linux-gnu/qt5/QtNetwork -I/usr/include/x86_64-linux-gnu/qt5 -I/usr/include/x86_64-linux-gnu/qt5/QtPrintSupport -I/usr/include/x86_64-linux-gnu/qt5 -I/usr/include/x86_64-linux-gnu/qt5/QtWidgets -I/usr/include/x86_64-linux-gnu/qt5 -I/usr/include/x86_64-linux-gnu/qt5/QtGui -I/usr/include/x86_64-linux-gnu/qt5 -I/usr/include/x86_64-linux-gnu/qt5/QtCore -I/usr/include/x86_64-linux-gnu/qt5  -DHAVE_BUILD_INFO -D__STDC_FORMAT_MACROS conftest.cpp >&5
conftest.cpp: In function 'int main()':
conftest.cpp:74:15: error: 'choke' was not declared in this scope
               choke;
               ^~~~~
configure:22968: $? = 1
configure: failed program was:
| /* confdefs.h */
| #define PACKAGE_NAME "Floofy Core"
| #define PACKAGE_TARNAME "floofy"
| #define PACKAGE_VERSION "1.0.1"
| #define PACKAGE_STRING "Floofy Core 1.0.1"
| #define PACKAGE_BUGREPORT "https://github.com/floofy/floofy/issues"
| #define PACKAGE_URL "https://floofy.com/"
| #define HAVE_CXX11 1
| #define STDC_HEADERS 1
| #define HAVE_SYS_TYPES_H 1
| #define HAVE_SYS_STAT_H 1
| #define HAVE_STDLIB_H 1
| #define HAVE_STRING_H 1
| #define HAVE_MEMORY_H 1
| #define HAVE_STRINGS_H 1
| #define HAVE_INTTYPES_H 1
| #define HAVE_STDINT_H 1
| #define HAVE_UNISTD_H 1
| #define HAVE_DLFCN_H 1
| #define LT_OBJDIR ".libs/"
| #define HAVE_PTHREAD_PRIO_INHERIT 1
| #define HAVE_PTHREAD 1
| #define HAVE_DECL_STRERROR_R 1
| #define HAVE_STRERROR_R 1
| #define STRERROR_R_CHAR_P 1
| #define HAVE_FUNC_ATTRIBUTE_VISIBILITY 1
| #define HAVE_ENDIAN_H 1
| #define HAVE_BYTESWAP_H 1
| #define HAVE_STDIO_H 1
| #define HAVE_STDLIB_H 1
| #define HAVE_UNISTD_H 1
| #define HAVE_STRINGS_H 1
| #define HAVE_SYS_TYPES_H 1
| #define HAVE_SYS_STAT_H 1
| #define HAVE_SYS_SELECT_H 1
| #define HAVE_SYS_PRCTL_H 1
| #define HAVE_DECL_STRNLEN 1
| #define HAVE_DECL_DAEMON 1
| #define HAVE_DECL_LE16TOH 1
| #define HAVE_DECL_LE32TOH 1
| #define HAVE_DECL_LE64TOH 1
| #define HAVE_DECL_HTOLE16 1
| #define HAVE_DECL_HTOLE32 1
| #define HAVE_DECL_HTOLE64 1
| #define HAVE_DECL_BE16TOH 1
| #define HAVE_DECL_BE32TOH 1
| #define HAVE_DECL_BE64TOH 1
| #define HAVE_DECL_HTOBE16 1
| #define HAVE_DECL_HTOBE32 1
| #define HAVE_DECL_HTOBE64 1
| #define HAVE_DECL_BSWAP_16 1
| #define HAVE_DECL_BSWAP_32 1
| #define HAVE_DECL_BSWAP_64 1
| #define HAVE_DECL___BUILTIN_CLZ 1
| #define HAVE_DECL___BUILTIN_CLZL 1
| #define HAVE_DECL___BUILTIN_CLZLL 1
| #define HAVE_MSG_NOSIGNAL 1
| #define HAVE_MALLOPT_ARENA_MAX 1
| #define HAVE_VISIBILITY_ATTRIBUTE 1
| #define HAVE_SYS_GETRANDOM 1
| #define HAVE_GETENTROPY 1
| #define HAVE_GETENTROPY_RAND 1
| #define HAVE_MINIUPNPC_MINIWGET_H 1
| #define HAVE_MINIUPNPC_MINIUPNPC_H 1
| #define HAVE_MINIUPNPC_UPNPCOMMANDS_H 1
| #define HAVE_MINIUPNPC_UPNPERRORS_H 1
| /* end confdefs.h.  */
| #include <QtCore/qconfig.h>
| int
| main ()
| {
| 
|           #if defined(QT_REDUCE_RELOCATIONS)
|               choke;
|           #endif
| 
|   ;
|   return 0;
| }
configure:22972: result: no
configure:23037: checking for moc-qt5
configure:23070: result: no
configure:23037: checking for moc5
configure:23070: result: no
configure:23037: checking for moc
configure:23055: found /usr/lib/x86_64-linux-gnu/qt5/bin/moc
configure:23067: result: /usr/lib/x86_64-linux-gnu/qt5/bin/moc
configure:23156: checking for uic-qt5
configure:23189: result: no
configure:23156: checking for uic5
configure:23189: result: no
configure:23156: checking for uic
configure:23174: found /usr/lib/x86_64-linux-gnu/qt5/bin/uic
configure:23186: result: /usr/lib/x86_64-linux-gnu/qt5/bin/uic
configure:23275: checking for rcc-qt5
configure:23308: result: no
configure:23275: checking for rcc5
configure:23308: result: no
configure:23275: checking for rcc
configure:23293: found /usr/lib/x86_64-linux-gnu/qt5/bin/rcc
configure:23305: result: /usr/lib/x86_64-linux-gnu/qt5/bin/rcc
configure:23394: checking for lrelease-qt5
configure:23427: result: no
configure:23394: checking for lrelease5
configure:23427: result: no
configure:23394: checking for lrelease
configure:23412: found /usr/lib/x86_64-linux-gnu/qt5/bin/lrelease
configure:23424: result: /usr/lib/x86_64-linux-gnu/qt5/bin/lrelease
configure:23513: checking for lupdate-qt5
configure:23546: result: no
configure:23513: checking for lupdate5
configure:23546: result: no
configure:23513: checking for lupdate
configure:23531: found /usr/lib/x86_64-linux-gnu/qt5/bin/lupdate
configure:23543: result: /usr/lib/x86_64-linux-gnu/qt5/bin/lupdate
configure:23728: checking whether to build Floofy Core GUI
configure:23758: result: yes (Qt5)
configure:23832: checking for boostlib >= 1.60.0
configure:23917: g++ -std=c++11 -c -g -O2 -Wall -Wextra -Wformat -Wvla -Wformat-security -Wno-unused-parameter  -DHAVE_BUILD_INFO -D__STDC_FORMAT_MACROS -I/usr/include conftest.cpp >&5
configure:23917: $? = 0
configure:23919: result: yes
configure:24066: result: ok
configure:24107: checking whether the Boost::System library is available
configure:24132: g++ -std=c++11 -c   -DHAVE_BUILD_INFO -D__STDC_FORMAT_MACROS -I/usr/include conftest.cpp >&5
configure:24132: $? = 0
configure:24147: result: yes
configure:24163: checking for exit in -lboost_system
configure:24188: g++ -std=c++11 -o conftest -g -O2 -Wall -Wextra -Wformat -Wvla -Wformat-security -Wno-unused-parameter  -DHAVE_BUILD_INFO -D__STDC_FORMAT_MACROS -I/usr/include  -L/usr/lib/x86_64-linux-gnu conftest.cpp -lboost_system   >&5
conftest.cpp:77:6: warning: declaration of 'char exit()' conflicts with built-in declaration 'void exit(int)' [-Wbuiltin-declaration-mismatch]
 char exit ();
      ^~~~
configure:24188: $? = 0
configure:24198: result: yes
configure:24353: checking whether the Boost::Filesystem library is available
configure:24377: g++ -std=c++11 -c -g -O2 -Wall -Wextra -Wformat -Wvla -Wformat-security -Wno-unused-parameter  -DHAVE_BUILD_INFO -D__STDC_FORMAT_MACROS -I/usr/include conftest.cpp >&5
configure:24377: $? = 0
configure:24391: result: yes
configure:24403: checking for exit in -lboost_filesystem
configure:24428: g++ -std=c++11 -o conftest -g -O2 -Wall -Wextra -Wformat -Wvla -Wformat-security -Wno-unused-parameter  -DHAVE_BUILD_INFO -D__STDC_FORMAT_MACROS -I/usr/include  -L/usr/lib/x86_64-linux-gnu conftest.cpp -lboost_filesystem   -lboost_system >&5
conftest.cpp:78:6: warning: declaration of 'char exit()' conflicts with built-in declaration 'void exit(int)' [-Wbuiltin-declaration-mismatch]
 char exit ();
      ^~~~
configure:24428: $? = 0
configure:24438: result: yes
configure:24588: checking whether the Boost::Program_Options library is available
configure:24612: g++ -std=c++11 -c -g -O2 -Wall -Wextra -Wformat -Wvla -Wformat-security -Wno-unused-parameter  -DHAVE_BUILD_INFO -D__STDC_FORMAT_MACROS -I/usr/include conftest.cpp >&5
configure:24612: $? = 0
configure:24626: result: yes
configure:24637: checking for exit in -lboost_program_options
configure:24662: g++ -std=c++11 -o conftest -g -O2 -Wall -Wextra -Wformat -Wvla -Wformat-security -Wno-unused-parameter  -DHAVE_BUILD_INFO -D__STDC_FORMAT_MACROS -I/usr/include  -L/usr/lib/x86_64-linux-gnu conftest.cpp -lboost_program_options   >&5
conftest.cpp:79:6: warning: declaration of 'char exit()' conflicts with built-in declaration 'void exit(int)' [-Wbuiltin-declaration-mismatch]
 char exit ();
      ^~~~
configure:24662: $? = 0
configure:24672: result: yes
configure:24815: checking whether the Boost::Thread library is available
configure:24847: g++ -std=c++11 -c -pthread -g -O2 -Wall -Wextra -Wformat -Wvla -Wformat-security -Wno-unused-parameter  -DHAVE_BUILD_INFO -D__STDC_FORMAT_MACROS -I/usr/include conftest.cpp >&5
configure:24847: $? = 0
configure:24862: result: yes
configure:24892: checking for exit in -lboost_thread
configure:24917: g++ -std=c++11 -o conftest -g -O2 -Wall -Wextra -Wformat -Wvla -Wformat-security -Wno-unused-parameter  -DHAVE_BUILD_INFO -D__STDC_FORMAT_MACROS -I/usr/include  -L/usr/lib/x86_64-linux-gnu conftest.cpp -lboost_thread   >&5
conftest.cpp:80:6: warning: declaration of 'char exit()' conflicts with built-in declaration 'void exit(int)' [-Wbuiltin-declaration-mismatch]
 char exit ();
      ^~~~
configure:24917: $? = 0
configure:24927: result: yes
configure:25087: checking whether the Boost::Chrono library is available
configure:25111: g++ -std=c++11 -c -g -O2 -Wall -Wextra -Wformat -Wvla -Wformat-security -Wno-unused-parameter  -DHAVE_BUILD_INFO -D__STDC_FORMAT_MACROS -pthread -I/usr/include conftest.cpp >&5
configure:25111: $? = 0
configure:25126: result: yes
configure:25142: checking for exit in -lboost_chrono
configure:25167: g++ -std=c++11 -o conftest -g -O2 -Wall -Wextra -Wformat -Wvla -Wformat-security -Wno-unused-parameter  -DHAVE_BUILD_INFO -D__STDC_FORMAT_MACROS -pthread -I/usr/include  -L/usr/lib/x86_64-linux-gnu conftest.cpp -lboost_chrono   >&5
conftest.cpp:81:6: warning: declaration of 'char exit()' conflicts with built-in declaration 'void exit(int)' [-Wbuiltin-declaration-mismatch]
 char exit ();
      ^~~~
configure:25167: $? = 0
configure:25177: result: yes
configure:25298: checking for fdatasync
configure:25311: g++ -std=c++11 -c -g -O2 -Wall -Wextra -Wformat -Wvla -Wformat-security -Wno-unused-parameter  -DHAVE_BUILD_INFO -D__STDC_FORMAT_MACROS conftest.cpp >&5
configure:25311: $? = 0
configure:25312: result: yes
configure:25321: checking for F_FULLFSYNC
configure:25334: g++ -std=c++11 -c -g -O2 -Wall -Wextra -Wformat -Wvla -Wformat-security -Wno-unused-parameter  -DHAVE_BUILD_INFO -D__STDC_FORMAT_MACROS conftest.cpp >&5
conftest.cpp: In function 'int main()':
conftest.cpp:78:11: error: 'F_FULLFSYNC' was not declared in this scope
  fcntl(0, F_FULLFSYNC, 0);
           ^~~~~~~~~~~
conftest.cpp:78:11: note: suggested alternative: 'O_FSYNC'
  fcntl(0, F_FULLFSYNC, 0);
           ^~~~~~~~~~~
           O_FSYNC
configure:25334: $? = 1
configure: failed program was:
| /* confdefs.h */
| #define PACKAGE_NAME "Floofy Core"
| #define PACKAGE_TARNAME "floofy"
| #define PACKAGE_VERSION "1.0.1"
| #define PACKAGE_STRING "Floofy Core 1.0.1"
| #define PACKAGE_BUGREPORT "https://github.com/floofy/floofy/issues"
| #define PACKAGE_URL "https://floofy.com/"
| #define HAVE_CXX11 1
| #define STDC_HEADERS 1
| #define HAVE_SYS_TYPES_H 1
| #define HAVE_SYS_STAT_H 1
| #define HAVE_STDLIB_H 1
| #define HAVE_STRING_H 1
| #define HAVE_MEMORY_H 1
| #define HAVE_STRINGS_H 1
| #define HAVE_INTTYPES_H 1
| #define HAVE_STDINT_H 1
| #define HAVE_UNISTD_H 1
| #define HAVE_DLFCN_H 1
| #define LT_OBJDIR ".libs/"
| #define HAVE_PTHREAD_PRIO_INHERIT 1
| #define HAVE_PTHREAD 1
| #define HAVE_DECL_STRERROR_R 1
| #define HAVE_STRERROR_R 1
| #define STRERROR_R_CHAR_P 1
| #define HAVE_FUNC_ATTRIBUTE_VISIBILITY 1
| #define HAVE_ENDIAN_H 1
| #define HAVE_BYTESWAP_H 1
| #define HAVE_STDIO_H 1
| #define HAVE_STDLIB_H 1
| #define HAVE_UNISTD_H 1
| #define HAVE_STRINGS_H 1
| #define HAVE_SYS_TYPES_H 1
| #define HAVE_SYS_STAT_H 1
| #define HAVE_SYS_SELECT_H 1
| #define HAVE_SYS_PRCTL_H 1
| #define HAVE_DECL_STRNLEN 1
| #define HAVE_DECL_DAEMON 1
| #define HAVE_DECL_LE16TOH 1
| #define HAVE_DECL_LE32TOH 1
| #define HAVE_DECL_LE64TOH 1
| #define HAVE_DECL_HTOLE16 1
| #define HAVE_DECL_HTOLE32 1
| #define HAVE_DECL_HTOLE64 1
| #define HAVE_DECL_BE16TOH 1
| #define HAVE_DECL_BE32TOH 1
| #define HAVE_DECL_BE64TOH 1
| #define HAVE_DECL_HTOBE16 1
| #define HAVE_DECL_HTOBE32 1
| #define HAVE_DECL_HTOBE64 1
| #define HAVE_DECL_BSWAP_16 1
| #define HAVE_DECL_BSWAP_32 1
| #define HAVE_DECL_BSWAP_64 1
| #define HAVE_DECL___BUILTIN_CLZ 1
| #define HAVE_DECL___BUILTIN_CLZL 1
| #define HAVE_DECL___BUILTIN_CLZLL 1
| #define HAVE_MSG_NOSIGNAL 1
| #define HAVE_MALLOPT_ARENA_MAX 1
| #define HAVE_VISIBILITY_ATTRIBUTE 1
| #define HAVE_SYS_GETRANDOM 1
| #define HAVE_GETENTROPY 1
| #define HAVE_GETENTROPY_RAND 1
| #define HAVE_MINIUPNPC_MINIWGET_H 1
| #define HAVE_MINIUPNPC_MINIUPNPC_H 1
| #define HAVE_MINIUPNPC_UPNPCOMMANDS_H 1
| #define HAVE_MINIUPNPC_UPNPERRORS_H 1
| #define HAVE_BOOST /**/
| #define HAVE_BOOST_SYSTEM /**/
| #define HAVE_BOOST_FILESYSTEM /**/
| #define HAVE_BOOST_PROGRAM_OPTIONS /**/
| #define HAVE_BOOST_THREAD /**/
| #define HAVE_BOOST_CHRONO /**/
| /* end confdefs.h.  */
| #include <fcntl.h>
| int
| main ()
| {
|  fcntl(0, F_FULLFSYNC, 0);
|   ;
|   return 0;
| }
configure:25338: result: no
configure:25344: checking for O_CLOEXEC
configure:25357: g++ -std=c++11 -c -g -O2 -Wall -Wextra -Wformat -Wvla -Wformat-security -Wno-unused-parameter  -DHAVE_BUILD_INFO -D__STDC_FORMAT_MACROS conftest.cpp >&5
configure:25357: $? = 0
configure:25358: result: yes
configure:25486: checking whether the Boost::Unit_Test_Framework library is available
configure:25509: g++ -std=c++11 -c -g -O2 -Wall -Wextra -Wformat -Wvla -Wformat-security -Wno-unused-parameter  -DHAVE_BUILD_INFO -D__STDC_FORMAT_MACROS -pthread -I/usr/include conftest.cpp >&5
conftest.cpp: In function 'int main()':
conftest.cpp:79:21: warning: unused variable 'test' [-Wunused-variable]
         test_suite* test= BOOST_TEST_SUITE( "Unit test example 1" ); return 0;
                     ^~~~
configure:25509: $? = 0
configure:25523: result: yes
configure:25635: checking for dynamic linked boost test
configure:25650: g++ -std=c++11 -o conftest -g -O2 -Wall -Wextra -Wformat -Wvla -Wformat-security -Wno-unused-parameter  -DHAVE_BUILD_INFO -D__STDC_FORMAT_MACROS -pthread -I/usr/include  conftest.cpp  -L/usr/lib/x86_64-linux-gnu -lboost_unit_test_framework >&5
configure:25650: $? = 0
configure:25651: result: yes
configure:25739: checking for SSL
configure:25746: $PKG_CONFIG --exists --print-errors "libssl"
configure:25749: $? = 0
configure:25763: $PKG_CONFIG --exists --print-errors "libssl"
configure:25766: $? = 0
configure:25804: result: yes
configure:25810: checking for CRYPTO
configure:25817: $PKG_CONFIG --exists --print-errors "libcrypto"
configure:25820: $? = 0
configure:25834: $PKG_CONFIG --exists --print-errors "libcrypto"
configure:25837: $? = 0
configure:25875: result: yes
configure:25884: checking for PROTOBUF
configure:25891: $PKG_CONFIG --exists --print-errors "protobuf"
configure:25894: $? = 0
configure:25908: $PKG_CONFIG --exists --print-errors "protobuf"
configure:25911: $? = 0
configure:25971: result: yes
configure:25986: checking for QR
configure:25993: $PKG_CONFIG --exists --print-errors "libqrencode"
configure:25996: $? = 0
configure:26010: $PKG_CONFIG --exists --print-errors "libqrencode"
configure:26013: $? = 0
configure:26051: result: yes
configure:26064: checking for EVENT
configure:26071: $PKG_CONFIG --exists --print-errors "libevent"
configure:26074: $? = 0
configure:26088: $PKG_CONFIG --exists --print-errors "libevent"
configure:26091: $? = 0
configure:26129: result: yes
configure:26136: checking for EVENT_PTHREADS
configure:26143: $PKG_CONFIG --exists --print-errors "libevent_pthreads"
configure:26146: $? = 0
configure:26160: $PKG_CONFIG --exists --print-errors "libevent_pthreads"
configure:26163: $? = 0
configure:26201: result: yes
configure:26211: checking for ZMQ
configure:26218: $PKG_CONFIG --exists --print-errors "libzmq >= 4"
configure:26221: $? = 0
configure:26235: $PKG_CONFIG --exists --print-errors "libzmq >= 4"
configure:26238: $? = 0
configure:26286: result: yes
configure:27710: checking whether EVP_MD_CTX_new is declared
configure:27710: g++ -std=c++11 -c -g -O2 -Wall -Wextra -Wformat -Wvla -Wformat-security -Wno-unused-parameter    -DHAVE_BUILD_INFO -D__STDC_FORMAT_MACROS conftest.cpp >&5
configure:27710: $? = 0
configure:27710: result: yes
configure:27946: checking for protoc
configure:27964: found /usr/bin/protoc
configure:27976: result: /usr/bin/protoc
configure:28010: checking whether to build floofyd
configure:28020: result: yes
configure:28023: checking whether to build utils (floofy-cli floofy-tx)
configure:28033: result: yes
configure:28036: checking whether to build libraries
configure:28053: result: yes
configure:28064: checking if ccache should be used
configure:28077: result: yes
configure:28081: checking whether C preprocessor accepts -Qunused-arguments
configure:28100: gcc -E  -DHAVE_BUILD_INFO -D__STDC_FORMAT_MACROS  -Qunused-arguments conftest.c
gcc: error: unrecognized command line option '-Qunused-arguments'; did you mean '-Wunused-parameter'?
configure:28100: $? = 1
configure: failed program was:
| /* confdefs.h */
| #define PACKAGE_NAME "Floofy Core"
| #define PACKAGE_TARNAME "floofy"
| #define PACKAGE_VERSION "1.0.1"
| #define PACKAGE_STRING "Floofy Core 1.0.1"
| #define PACKAGE_BUGREPORT "https://github.com/floofy/floofy/issues"
| #define PACKAGE_URL "https://floofy.com/"
| #define HAVE_CXX11 1
| #define STDC_HEADERS 1
| #define HAVE_SYS_TYPES_H 1
| #define HAVE_SYS_STAT_H 1
| #define HAVE_STDLIB_H 1
| #define HAVE_STRING_H 1
| #define HAVE_MEMORY_H 1
| #define HAVE_STRINGS_H 1
| #define HAVE_INTTYPES_H 1
| #define HAVE_STDINT_H 1
| #define HAVE_UNISTD_H 1
| #define HAVE_DLFCN_H 1
| #define LT_OBJDIR ".libs/"
| #define HAVE_PTHREAD_PRIO_INHERIT 1
| #define HAVE_PTHREAD 1
| #define HAVE_DECL_STRERROR_R 1
| #define HAVE_STRERROR_R 1
| #define STRERROR_R_CHAR_P 1
| #define HAVE_FUNC_ATTRIBUTE_VISIBILITY 1
| #define HAVE_ENDIAN_H 1
| #define HAVE_BYTESWAP_H 1
| #define HAVE_STDIO_H 1
| #define HAVE_STDLIB_H 1
| #define HAVE_UNISTD_H 1
| #define HAVE_STRINGS_H 1
| #define HAVE_SYS_TYPES_H 1
| #define HAVE_SYS_STAT_H 1
| #define HAVE_SYS_SELECT_H 1
| #define HAVE_SYS_PRCTL_H 1
| #define HAVE_DECL_STRNLEN 1
| #define HAVE_DECL_DAEMON 1
| #define HAVE_DECL_LE16TOH 1
| #define HAVE_DECL_LE32TOH 1
| #define HAVE_DECL_LE64TOH 1
| #define HAVE_DECL_HTOLE16 1
| #define HAVE_DECL_HTOLE32 1
| #define HAVE_DECL_HTOLE64 1
| #define HAVE_DECL_BE16TOH 1
| #define HAVE_DECL_BE32TOH 1
| #define HAVE_DECL_BE64TOH 1
| #define HAVE_DECL_HTOBE16 1
| #define HAVE_DECL_HTOBE32 1
| #define HAVE_DECL_HTOBE64 1
| #define HAVE_DECL_BSWAP_16 1
| #define HAVE_DECL_BSWAP_32 1
| #define HAVE_DECL_BSWAP_64 1
| #define HAVE_DECL___BUILTIN_CLZ 1
| #define HAVE_DECL___BUILTIN_CLZL 1
| #define HAVE_DECL___BUILTIN_CLZLL 1
| #define HAVE_MSG_NOSIGNAL 1
| #define HAVE_MALLOPT_ARENA_MAX 1
| #define HAVE_VISIBILITY_ATTRIBUTE 1
| #define HAVE_SYS_GETRANDOM 1
| #define HAVE_GETENTROPY 1
| #define HAVE_GETENTROPY_RAND 1
| #define HAVE_MINIUPNPC_MINIWGET_H 1
| #define HAVE_MINIUPNPC_MINIUPNPC_H 1
| #define HAVE_MINIUPNPC_UPNPCOMMANDS_H 1
| #define HAVE_MINIUPNPC_UPNPERRORS_H 1
| #define HAVE_BOOST /**/
| #define HAVE_BOOST_SYSTEM /**/
| #define HAVE_BOOST_FILESYSTEM /**/
| #define HAVE_BOOST_PROGRAM_OPTIONS /**/
| #define HAVE_BOOST_THREAD /**/
| #define HAVE_BOOST_CHRONO /**/
| #define HAVE_BOOST_UNIT_TEST_FRAMEWORK /**/
| #define ENABLE_ZMQ 1
| #define HAVE_DECL_EVP_MD_CTX_NEW 1
| #define HAVE_CONSENSUS_LIB 1
| /* end confdefs.h.  */
| 
| int
| main ()
| {
| 
|   ;
|   return 0;
| }
configure:28108: result: no
configure:28118: checking if wallet should be enabled
configure:28121: result: yes
configure:28134: checking whether to build with support for UPnP
configure:28144: result: yes
configure:28146: checking whether to build with UPnP enabled by default
configure:28154: result: no
configure:28172: checking whether to build GUI with support for D-Bus
configure:28179: result: yes
configure:28182: checking whether to build GUI with support for QR codes
configure:28192: result: yes
configure:28209: checking whether to build test_floofy-qt
configure:28212: result: yes
configure:28230: checking whether to build test_floofy
configure:28233: result: yes
configure:28242: checking whether to reduce exports
configure:28248: result: no
configure:28596: checking that generated files are newer than configure
configure:28602: result: done
configure:28722: creating ./config.status

## ---------------------- ##
## Running config.status. ##
## ---------------------- ##

This file was extended by Floofy Core config.status 1.0.1, which was
generated by GNU Autoconf 2.69.  Invocation command line was

  CONFIG_FILES    = 
  CONFIG_HEADERS  = 
  CONFIG_LINKS    = 
  CONFIG_COMMANDS = 
  $ ./config.status 

on pool

config.status:1411: creating libbitcoinconsensus.pc
config.status:1411: creating Makefile
config.status:1411: creating src/Makefile
config.status:1411: creating doc/man/Makefile
config.status:1411: creating share/setup.nsi
config.status:1411: creating share/qt/Info.plist
config.status:1411: creating src/test/buildenv.py
config.status:1411: creating qa/pull-tester/tests_config.py
config.status:1411: creating contrib/devtools/split-debug.sh
config.status:1411: creating src/config/bitcoin-config.h
config.status:1671: executing depfiles commands
config.status:1748: cd src       && sed -e '/# am--include-marker/d' Makefile         | make -f - am--depfiles
make: Nothing to be done for 'am--depfiles'.
config.status:1753: $? = 0
config.status:1671: executing libtool commands
configure:31244: === configuring in src/univalue (/root/floofy-public/src/univalue)
configure:31307: running /bin/bash ./configure --disable-option-checking '--prefix=/usr/local'  '--disable-shared' '--with-pic' '--with-bignum=no' '--enable-module-recovery' --cache-file=/dev/null --srcdir=.
configure:31244: === configuring in src/secp256k1 (/root/floofy-public/src/secp256k1)
configure:31307: running /bin/bash ./configure --disable-option-checking '--prefix=/usr/local'  '--disable-shared' '--with-pic' '--with-bignum=no' '--enable-module-recovery' --cache-file=/dev/null --srcdir=.
configure:31326: result: Fixing libtool for -rpath problems.

## ---------------- ##
## Cache variables. ##
## ---------------- ##

ac_cv_build=x86_64-pc-linux-gnu
ac_cv_c_bigendian=no
ac_cv_c_compiler_gnu=yes
ac_cv_cxx_compiler_gnu=yes
ac_cv_env_BDB_CFLAGS_set=
ac_cv_env_BDB_CFLAGS_value=
ac_cv_env_BDB_LIBS_set=
ac_cv_env_BDB_LIBS_value=
ac_cv_env_CCC_set=
ac_cv_env_CCC_value=
ac_cv_env_CC_set=
ac_cv_env_CC_value=
ac_cv_env_CFLAGS_set=
ac_cv_env_CFLAGS_value=
ac_cv_env_CPPFLAGS_set=
ac_cv_env_CPPFLAGS_value=
ac_cv_env_CPP_set=
ac_cv_env_CPP_value=
ac_cv_env_CRYPTO_CFLAGS_set=
ac_cv_env_CRYPTO_CFLAGS_value=
ac_cv_env_CRYPTO_LIBS_set=
ac_cv_env_CRYPTO_LIBS_value=
ac_cv_env_CXXCPP_set=
ac_cv_env_CXXCPP_value=
ac_cv_env_CXXFLAGS_set=
ac_cv_env_CXXFLAGS_value=
ac_cv_env_CXX_set=
ac_cv_env_CXX_value=
ac_cv_env_EVENT_CFLAGS_set=
ac_cv_env_EVENT_CFLAGS_value=
ac_cv_env_EVENT_LIBS_set=
ac_cv_env_EVENT_LIBS_value=
ac_cv_env_EVENT_PTHREADS_CFLAGS_set=
ac_cv_env_EVENT_PTHREADS_CFLAGS_value=
ac_cv_env_EVENT_PTHREADS_LIBS_set=
ac_cv_env_EVENT_PTHREADS_LIBS_value=
ac_cv_env_LDFLAGS_set=
ac_cv_env_LDFLAGS_value=
ac_cv_env_LIBS_set=
ac_cv_env_LIBS_value=
ac_cv_env_LT_SYS_LIBRARY_PATH_set=
ac_cv_env_LT_SYS_LIBRARY_PATH_value=
ac_cv_env_OBJCXXFLAGS_set=
ac_cv_env_OBJCXXFLAGS_value=
ac_cv_env_OBJCXX_set=
ac_cv_env_OBJCXX_value=
ac_cv_env_PKG_CONFIG_LIBDIR_set=
ac_cv_env_PKG_CONFIG_LIBDIR_value=
ac_cv_env_PKG_CONFIG_PATH_set=
ac_cv_env_PKG_CONFIG_PATH_value=
ac_cv_env_PKG_CONFIG_set=
ac_cv_env_PKG_CONFIG_value=
ac_cv_env_PROTOBUF_CFLAGS_set=
ac_cv_env_PROTOBUF_CFLAGS_value=
ac_cv_env_PROTOBUF_LIBS_set=
ac_cv_env_PROTOBUF_LIBS_value=
ac_cv_env_PYTHONPATH_set=
ac_cv_env_PYTHONPATH_value=
ac_cv_env_QR_CFLAGS_set=
ac_cv_env_QR_CFLAGS_value=
ac_cv_env_QR_LIBS_set=
ac_cv_env_QR_LIBS_value=
ac_cv_env_QTPLATFORM_CFLAGS_set=
ac_cv_env_QTPLATFORM_CFLAGS_value=
ac_cv_env_QTPLATFORM_LIBS_set=
ac_cv_env_QTPLATFORM_LIBS_value=
ac_cv_env_QTPRINT_CFLAGS_set=
ac_cv_env_QTPRINT_CFLAGS_value=
ac_cv_env_QTPRINT_LIBS_set=
ac_cv_env_QTPRINT_LIBS_value=
ac_cv_env_QTXCBQPA_CFLAGS_set=
ac_cv_env_QTXCBQPA_CFLAGS_value=
ac_cv_env_QTXCBQPA_LIBS_set=
ac_cv_env_QTXCBQPA_LIBS_value=
ac_cv_env_QT_CFLAGS_set=
ac_cv_env_QT_CFLAGS_value=
ac_cv_env_QT_DBUS_CFLAGS_set=
ac_cv_env_QT_DBUS_CFLAGS_value=
ac_cv_env_QT_DBUS_LIBS_set=
ac_cv_env_QT_DBUS_LIBS_value=
ac_cv_env_QT_LIBS_set=
ac_cv_env_QT_LIBS_value=
ac_cv_env_QT_TEST_CFLAGS_set=
ac_cv_env_QT_TEST_CFLAGS_value=
ac_cv_env_QT_TEST_LIBS_set=
ac_cv_env_QT_TEST_LIBS_value=
ac_cv_env_SSL_CFLAGS_set=
ac_cv_env_SSL_CFLAGS_value=
ac_cv_env_SSL_LIBS_set=
ac_cv_env_SSL_LIBS_value=
ac_cv_env_UNIVALUE_CFLAGS_set=
ac_cv_env_UNIVALUE_CFLAGS_value=
ac_cv_env_UNIVALUE_LIBS_set=
ac_cv_env_UNIVALUE_LIBS_value=
ac_cv_env_ZMQ_CFLAGS_set=
ac_cv_env_ZMQ_CFLAGS_value=
ac_cv_env_ZMQ_LIBS_set=
ac_cv_env_ZMQ_LIBS_value=
ac_cv_env_build_alias_set=
ac_cv_env_build_alias_value=
ac_cv_env_host_alias_set=
ac_cv_env_host_alias_value=
ac_cv_env_target_alias_set=
ac_cv_env_target_alias_value=
ac_cv_func_strerror_r=yes
ac_cv_func_strerror_r_char_p=yes
ac_cv_have_decl_EVP_MD_CTX_new=yes
ac_cv_have_decl___builtin_clz=yes
ac_cv_have_decl___builtin_clzl=yes
ac_cv_have_decl___builtin_clzll=yes
ac_cv_have_decl_be16toh=yes
ac_cv_have_decl_be32toh=yes
ac_cv_have_decl_be64toh=yes
ac_cv_have_decl_bswap_16=yes
ac_cv_have_decl_bswap_32=yes
ac_cv_have_decl_bswap_64=yes
ac_cv_have_decl_daemon=yes
ac_cv_have_decl_htobe16=yes
ac_cv_have_decl_htobe32=yes
ac_cv_have_decl_htobe64=yes
ac_cv_have_decl_htole16=yes
ac_cv_have_decl_htole32=yes
ac_cv_have_decl_htole64=yes
ac_cv_have_decl_le16toh=yes
ac_cv_have_decl_le32toh=yes
ac_cv_have_decl_le64toh=yes
ac_cv_have_decl_strerror_r=yes
ac_cv_have_decl_strnlen=yes
ac_cv_header_byteswap_h=yes
ac_cv_header_dlfcn_h=yes
ac_cv_header_endian_h=yes
ac_cv_header_inttypes_h=yes
ac_cv_header_memory_h=yes
ac_cv_header_miniupnpc_miniupnpc_h=yes
ac_cv_header_miniupnpc_miniwget_h=yes
ac_cv_header_miniupnpc_upnpcommands_h=yes
ac_cv_header_miniupnpc_upnperrors_h=yes
ac_cv_header_stdc=yes
ac_cv_header_stdint_h=yes
ac_cv_header_stdio_h=yes
ac_cv_header_stdlib_h=yes
ac_cv_header_string_h=yes
ac_cv_header_strings_h=yes
ac_cv_header_sys_endian_h=no
ac_cv_header_sys_prctl_h=yes
ac_cv_header_sys_select_h=yes
ac_cv_header_sys_stat_h=yes
ac_cv_header_sys_types_h=yes
ac_cv_header_unistd_h=yes
ac_cv_host=x86_64-pc-linux-gnu
ac_cv_lib_boost_chrono___exit=yes
ac_cv_lib_boost_filesystem___exit=yes
ac_cv_lib_boost_program_options___exit=yes
ac_cv_lib_boost_system___exit=yes
ac_cv_lib_boost_thread___exit=yes
ac_cv_lib_db_cxx_5_3___main=yes
ac_cv_lib_miniupnpc_main=yes
ac_cv_objcxx_compiler_gnu=no
ac_cv_objext=o
ac_cv_path_CCACHE=/usr/bin/ccache
ac_cv_path_EGREP='/usr/bin/grep -E'
ac_cv_path_FGREP='/usr/bin/grep -F'
ac_cv_path_GIT=/usr/bin/git
ac_cv_path_GREP=/usr/bin/grep
ac_cv_path_HEXDUMP=/usr/bin/hexdump
ac_cv_path_LRELEASE=/usr/lib/x86_64-linux-gnu/qt5/bin/lrelease
ac_cv_path_LUPDATE=/usr/lib/x86_64-linux-gnu/qt5/bin/lupdate
ac_cv_path_MOC=/usr/lib/x86_64-linux-gnu/qt5/bin/moc
ac_cv_path_PROTOC=/usr/bin/protoc
ac_cv_path_PYTHON=/usr/bin/python3
ac_cv_path_RCC=/usr/lib/x86_64-linux-gnu/qt5/bin/rcc
ac_cv_path_SED=/usr/bin/sed
ac_cv_path_UIC=/usr/lib/x86_64-linux-gnu/qt5/bin/uic
ac_cv_path_XGETTEXT=/usr/bin/xgettext
ac_cv_path_ac_pt_AR=/usr/bin/ar
ac_cv_path_ac_pt_GCOV=/usr/bin/gcov
ac_cv_path_ac_pt_OBJCOPY=/usr/bin/objcopy
ac_cv_path_ac_pt_PKG_CONFIG=/usr/bin/pkg-config
ac_cv_path_ac_pt_RANLIB=/usr/bin/ranlib
ac_cv_path_ac_pt_STRIP=/usr/bin/strip
ac_cv_path_install='/usr/bin/install -c'
ac_cv_path_lt_DD=/usr/bin/dd
ac_cv_path_mkdir=/usr/bin/mkdir
ac_cv_prog_AWK=gawk
ac_cv_prog_CPP='gcc -E'
ac_cv_prog_CXXCPP='g++ -std=c++11 -E'
ac_cv_prog_ac_ct_AR=ar
ac_cv_prog_ac_ct_CC=gcc
ac_cv_prog_ac_ct_CXX=g++
ac_cv_prog_ac_ct_MANIFEST_TOOL=mt
ac_cv_prog_ac_ct_OBJDUMP=objdump
ac_cv_prog_ac_ct_RANLIB=ranlib
ac_cv_prog_ac_ct_STRIP=strip
ac_cv_prog_cc_c89=
ac_cv_prog_cc_g=yes
ac_cv_prog_cxx_g=yes
ac_cv_prog_make_make_set=yes
ac_cv_prog_objcxx_g=no
ac_cv_search_clock_gettime='none required'
ac_cv_sys_file_offset_bits=no
ac_cv_sys_largefile_CC=no
am_cv_CC_dependencies_compiler_type=gcc3
am_cv_CXX_dependencies_compiler_type=gcc3
am_cv_OBJCXX_dependencies_compiler_type=gcc3
am_cv_make_support_nested_variables=yes
am_cv_prog_cc_c_o=yes
ax_cv_PTHREAD_CLANG=no
ax_cv_PTHREAD_JOINABLE_ATTR=PTHREAD_CREATE_JOINABLE
ax_cv_PTHREAD_PRIO_INHERIT=yes
ax_cv_PTHREAD_SPECIAL_FLAGS=no
ax_cv_boost_chrono=yes
ax_cv_boost_filesystem=yes
ax_cv_boost_program_options=yes
ax_cv_boost_system=yes
ax_cv_boost_thread=yes
ax_cv_boost_unit_test_framework=yes
ax_cv_check_ccppflags___Qunused_arguments=no
ax_cv_check_cxxcppflags___D_FORTIFY_SOURCE_2=yes
ax_cv_check_cxxcppflags___U_FORTIFY_SOURCE=yes
ax_cv_check_cxxflags__Wall=yes
ax_cv_check_cxxflags__Wdeprecated_register=no
ax_cv_check_cxxflags__Wextra=yes
ax_cv_check_cxxflags__Wformat=yes
ax_cv_check_cxxflags__Wformat_security=yes
ax_cv_check_cxxflags__Wself_assign=no
ax_cv_check_cxxflags__Wunused_local_typedef=no
ax_cv_check_cxxflags__Wunused_parameter=yes
ax_cv_check_cxxflags__Wvla=yes
ax_cv_check_cxxflags___Werror=yes
ax_cv_check_cxxflags___Wstack_protector=yes
ax_cv_check_cxxflags___fPIC=yes
ax_cv_check_cxxflags___fPIE=yes
ax_cv_check_cxxflags___fstack_protector_all=yes
ax_cv_check_ldflags___Wl___dynamicbase=no
ax_cv_check_ldflags___Wl___high_entropy_va=no
ax_cv_check_ldflags___Wl___large_address_aware=no
ax_cv_check_ldflags___Wl___nxcompat=no
ax_cv_check_ldflags___Wl__z_now=yes
ax_cv_check_ldflags___Wl__z_relro=yes
ax_cv_check_ldflags___pie=yes
ax_cv_cxx_compile_cxx11__std_cpp11=yes
ax_cv_have_func_attribute_dllexport=no
ax_cv_have_func_attribute_dllimport=no
ax_cv_have_func_attribute_visibility=yes
bitcoin_cv_static_qt=no
lt_cv_ar_at_file=@
lt_cv_archive_cmds_need_lc=no
lt_cv_deplibs_check_method=pass_all
lt_cv_file_magic_cmd='$MAGIC_CMD'
lt_cv_file_magic_test_file=
lt_cv_ld_reload_flag=-r
lt_cv_nm_interface='BSD nm'
lt_cv_objdir=.libs
lt_cv_path_LD=/usr/bin/ld
lt_cv_path_LDCXX='/usr/bin/ld -m elf_x86_64'
lt_cv_path_NM='/usr/bin/nm -B'
lt_cv_path_mainfest_tool=no
lt_cv_prog_compiler_c_o=yes
lt_cv_prog_compiler_c_o_CXX=yes
lt_cv_prog_compiler_pic='-fPIC -DPIC'
lt_cv_prog_compiler_pic_CXX='-fPIC -DPIC'
lt_cv_prog_compiler_pic_works=yes
lt_cv_prog_compiler_pic_works_CXX=yes
lt_cv_prog_compiler_rtti_exceptions=no
lt_cv_prog_compiler_static_works=yes
lt_cv_prog_compiler_static_works_CXX=yes
lt_cv_prog_gnu_ld=yes
lt_cv_prog_gnu_ldcxx=yes
lt_cv_sharedlib_from_linklib_cmd='printf %s\n'
lt_cv_shlibpath_overrides_runpath=yes
lt_cv_sys_global_symbol_pipe='sed -n -e '\''s/^.*[	 ]\([ABCDGIRSTW][ABCDGIRSTW]*\)[	 ][	 ]*\([_A-Za-z][_A-Za-z0-9]*\)$/\1 \2 \2/p'\'' | sed '\''/ __gnu_lto/d'\'''
lt_cv_sys_global_symbol_to_c_name_address='sed -n -e '\''s/^: \(.*\) .*$/  {"\1", (void *) 0},/p'\'' -e '\''s/^[ABCDGIRSTW][ABCDGIRSTW]* .* \(.*\)$/  {"\1", (void *) \&\1},/p'\'''
lt_cv_sys_global_symbol_to_c_name_address_lib_prefix='sed -n -e '\''s/^: \(.*\) .*$/  {"\1", (void *) 0},/p'\'' -e '\''s/^[ABCDGIRSTW][ABCDGIRSTW]* .* \(lib.*\)$/  {"\1", (void *) \&\1},/p'\'' -e '\''s/^[ABCDGIRSTW][ABCDGIRSTW]* .* \(.*\)$/  {"lib\1", (void *) \&\1},/p'\'''
lt_cv_sys_global_symbol_to_cdecl='sed -n -e '\''s/^T .* \(.*\)$/extern int \1();/p'\'' -e '\''s/^[ABCDGIRSTW][ABCDGIRSTW]* .* \(.*\)$/extern char \1;/p'\'''
lt_cv_sys_global_symbol_to_import=
lt_cv_sys_max_cmd_len=1572864
lt_cv_to_host_file_cmd=func_convert_file_noop
lt_cv_to_tool_file_cmd=func_convert_file_noop
lt_cv_truncate_bin='/usr/bin/dd bs=4096 count=1'
pkg_cv_CRYPTO_CFLAGS=
pkg_cv_CRYPTO_LIBS=-lcrypto
pkg_cv_EVENT_CFLAGS=
pkg_cv_EVENT_LIBS=-levent
pkg_cv_EVENT_PTHREADS_CFLAGS=-pthread
pkg_cv_EVENT_PTHREADS_LIBS='-levent_pthreads -levent'
pkg_cv_PROTOBUF_CFLAGS=-pthread
pkg_cv_PROTOBUF_LIBS='-lprotobuf -pthread'
pkg_cv_QR_CFLAGS=
pkg_cv_QR_LIBS=-lqrencode
pkg_cv_QT_CFLAGS='-DQT_NETWORK_LIB -DQT_PRINTSUPPORT_LIB -DQT_WIDGETS_LIB -DQT_GUI_LIB -DQT_CORE_LIB -I/usr/include/x86_64-linux-gnu/qt5/QtNetwork -I/usr/include/x86_64-linux-gnu/qt5 -I/usr/include/x86_64-linux-gnu/qt5/QtPrintSupport -I/usr/include/x86_64-linux-gnu/qt5 -I/usr/include/x86_64-linux-gnu/qt5/QtWidgets -I/usr/include/x86_64-linux-gnu/qt5 -I/usr/include/x86_64-linux-gnu/qt5/QtGui -I/usr/include/x86_64-linux-gnu/qt5 -I/usr/include/x86_64-linux-gnu/qt5/QtCore -I/usr/include/x86_64-linux-gnu/qt5'
pkg_cv_QT_DBUS_CFLAGS='-DQT_DBUS_LIB -DQT_CORE_LIB -I/usr/include/x86_64-linux-gnu/qt5/QtDBus -I/usr/include/x86_64-linux-gnu/qt5 -I/usr/include/x86_64-linux-gnu/qt5/QtCore -I/usr/include/x86_64-linux-gnu/qt5'
pkg_cv_QT_DBUS_LIBS='-lQt5DBus -lQt5Core'
pkg_cv_QT_LIBS='-lQt5Network -lQt5PrintSupport -lQt5Widgets -lQt5Gui -lQt5Core'
pkg_cv_QT_TEST_CFLAGS='-DQT_TESTLIB_LIB -DQT_CORE_LIB -I/usr/include/x86_64-linux-gnu/qt5/QtTest -I/usr/include/x86_64-linux-gnu/qt5 -I/usr/include/x86_64-linux-gnu/qt5/QtCore -I/usr/include/x86_64-linux-gnu/qt5'
pkg_cv_QT_TEST_LIBS='-lQt5Test -lQt5Core'
pkg_cv_SSL_CFLAGS=
pkg_cv_SSL_LIBS=-lssl
pkg_cv_ZMQ_CFLAGS='-isystem /usr/include/mit-krb5 -I/usr/include/pgm-5.2'
pkg_cv_ZMQ_LIBS=-lzmq

## ----------------- ##
## Output variables. ##
## ----------------- ##

ACLOCAL='${SHELL} /root/floofy-public/build-aux/missing aclocal-1.16'
AMDEPBACKSLASH='\'
AMDEP_FALSE='#'
AMDEP_TRUE=''
AMTAR='$${TAR-tar}'
AM_BACKSLASH='\'
AM_DEFAULT_V='$(AM_DEFAULT_VERBOSITY)'
AM_DEFAULT_VERBOSITY='0'
AM_V='$(V)'
AR='/usr/bin/ar'
AUTOCONF='${SHELL} /root/floofy-public/build-aux/missing autoconf'
AUTOHEADER='${SHELL} /root/floofy-public/build-aux/missing autoheader'
AUTOMAKE='${SHELL} /root/floofy-public/build-aux/missing automake-1.16'
AWK='gawk'
BDB_CFLAGS=''
BDB_CPPFLAGS=''
BDB_LIBS='-ldb_cxx-5.3'
BITCOIN_CLI_NAME='floofy-cli'
BITCOIN_DAEMON_NAME='floofyd'
BITCOIN_GUI_NAME='floofy-qt'
BITCOIN_TX_NAME='floofy-tx'
BOOST_CHRONO_LIB='-lboost_chrono'
BOOST_CPPFLAGS='-pthread -I/usr/include'
BOOST_FILESYSTEM_LIB='-lboost_filesystem'
BOOST_LDFLAGS='-L/usr/lib/x86_64-linux-gnu'
BOOST_LIBS='-L/usr/lib/x86_64-linux-gnu -lboost_system -lboost_filesystem -lboost_program_options -lboost_thread -lboost_chrono'
BOOST_PROGRAM_OPTIONS_LIB='-lboost_program_options'
BOOST_SYSTEM_LIB='-lboost_system'
BOOST_THREAD_LIB='-lboost_thread'
BOOST_UNIT_TEST_FRAMEWORK_LIB='-lboost_unit_test_framework'
BREW=''
BUILD_BITCOIND_FALSE='#'
BUILD_BITCOIND_TRUE=''
BUILD_BITCOIN_LIBS_FALSE='#'
BUILD_BITCOIN_LIBS_TRUE=''
BUILD_BITCOIN_UTILS_FALSE='#'
BUILD_BITCOIN_UTILS_TRUE=''
BUILD_DARWIN_FALSE=''
BUILD_DARWIN_TRUE='#'
CC='/usr/bin/ccache gcc'
CCACHE='/usr/bin/ccache'
CCDEPMODE='depmode=gcc3'
CFLAGS='-g -O2'
CLIENT_VERSION_BUILD='0'
CLIENT_VERSION_IS_RELEASE='false'
CLIENT_VERSION_MAJOR='1'
CLIENT_VERSION_MINOR='0'
CLIENT_VERSION_REVISION='1'
COMPAT_LDFLAGS=''
COPYRIGHT_HOLDERS='The %s developers'
COPYRIGHT_HOLDERS_FINAL='The Bitcoin Core and Floofy Core developers'
COPYRIGHT_HOLDERS_SUBSTITUTION='Bitcoin Core and Floofy Core'
COPYRIGHT_YEAR='2025'
CPP='gcc -E'
CPPFLAGS=' -DHAVE_BUILD_INFO -D__STDC_FORMAT_MACROS'
CRYPTO_CFLAGS=''
CRYPTO_LIBS='-lcrypto'
CURRENT_RELEASE_DATE='2025-02-19'
CXX='/usr/bin/ccache g++ -std=c++11'
CXXCPP='g++ -std=c++11 -E'
CXXDEPMODE='depmode=gcc3'
CXXFLAGS='-g -O2 -Wall -Wextra -Wformat -Wvla -Wformat-security -Wno-unused-parameter'
CYGPATH_W='echo'
DEFS='-DHAVE_CONFIG_H'
DEPDIR='.deps'
DLLTOOL='false'
DSYMUTIL=''
DUMPBIN=''
ECHO_C=''
ECHO_N='-n'
ECHO_T=''
EGREP='/usr/bin/grep -E'
EMBEDDED_LEVELDB_FALSE='#'
EMBEDDED_LEVELDB_TRUE=''
EMBEDDED_UNIVALUE_FALSE='#'
EMBEDDED_UNIVALUE_TRUE=''
ENABLE_BENCH_FALSE='#'
ENABLE_BENCH_TRUE=''
ENABLE_MAN_FALSE='#'
ENABLE_MAN_TRUE=''
ENABLE_QT_FALSE='#'
ENABLE_QT_TESTS_FALSE='#'
ENABLE_QT_TESTS_TRUE=''
ENABLE_QT_TRUE=''
ENABLE_TESTS_FALSE='#'
ENABLE_TESTS_TRUE=''
ENABLE_WALLET_FALSE='#'
ENABLE_WALLET_TRUE=''
ENABLE_ZMQ_FALSE='#'
ENABLE_ZMQ_TRUE=''
ERROR_CXXFLAGS=''
EVENT_CFLAGS=''
EVENT_LIBS='-levent'
EVENT_PTHREADS_CFLAGS='-pthread'
EVENT_PTHREADS_LIBS='-levent_pthreads -levent'
EXEEXT=''
EXPECTED_DAYS_TO_NEXT_RELEASE='270'
EXTENDED_RPC_TESTS=''
FGREP='/usr/bin/grep -F'
GCOV='/usr/bin/gcov'
GENHTML=''
GENISOIMAGE=''
GIT='/usr/bin/git'
GLIBC_BACK_COMPAT_FALSE=''
GLIBC_BACK_COMPAT_TRUE='#'
GREP='/usr/bin/grep'
HARDENED_CPPFLAGS=' -U_FORTIFY_SOURCE -D_FORTIFY_SOURCE=2'
HARDENED_CXXFLAGS=' -Wstack-protector -fstack-protector-all'
HARDENED_LDFLAGS=' -Wl,-z,relro -Wl,-z,now -pie'
HARDEN_FALSE='#'
HARDEN_TRUE=''
HAVE_CXX11='1'
HAVE_CXX14=''
HAVE_CXX17=''
HAVE_FDATASYNC='1'
HAVE_FULLFSYNC='0'
HAVE_O_CLOEXEC='1'
HEXDUMP='/usr/bin/hexdump'
IMAGEMAGICK_CONVERT=''
INSTALLNAMETOOL=''
INSTALL_DATA='${INSTALL} -m 644'
INSTALL_PROGRAM='${INSTALL}'
INSTALL_SCRIPT='${INSTALL}'
INSTALL_STRIP_PROGRAM='$(install_sh) -c -s'
LCOV=''
LD='/usr/bin/ld -m elf_x86_64'
LDFLAGS=''
LEVELDB_CPPFLAGS=''
LIBLEVELDB=''
LIBMEMENV=''
LIBOBJS=''
LIBS=''
LIBTOOL='$(SHELL) $(top_builddir)/libtool'
LIBTOOL_APP_LDFLAGS=''
LIPO=''
LN_S='ln -s'
LRELEASE='/usr/lib/x86_64-linux-gnu/qt5/bin/lrelease'
LTLIBOBJS=''
LT_SYS_LIBRARY_PATH=''
LUPDATE='/usr/lib/x86_64-linux-gnu/qt5/bin/lupdate'
MAINT=''
MAINTAINER_MODE_FALSE='#'
MAINTAINER_MODE_TRUE=''
MAKEINFO='${SHELL} /root/floofy-public/build-aux/missing makeinfo'
MAKENSIS=''
MANIFEST_TOOL=':'
MINIUPNPC_CPPFLAGS=''
MINIUPNPC_LIBS='-lminiupnpc'
MKDIR_P='/usr/bin/mkdir -p'
MOC='/usr/lib/x86_64-linux-gnu/qt5/bin/moc'
MOC_DEFS='-DHAVE_CONFIG_H -I$(srcdir)'
NM='/usr/bin/nm -B'
NMEDIT=''
OBJCOPY='/usr/bin/objcopy'
OBJCXX='g++ -std=c++11'
OBJCXXDEPMODE='depmode=gcc3'
OBJCXXFLAGS=''
OBJDUMP='objdump'
OBJEXT='o'
OTOOL64=''
OTOOL=''
PACKAGE='floofy'
PACKAGE_BUGREPORT='https://github.com/floofy/floofy/issues'
PACKAGE_NAME='Floofy Core'
PACKAGE_STRING='Floofy Core 1.0.1'
PACKAGE_TARNAME='floofy'
PACKAGE_URL='https://floofy.com/'
PACKAGE_VERSION='1.0.1'
PATH_SEPARATOR=':'
PIC_FLAGS='-fPIC'
PIE_FLAGS='-fPIE'
PKG_CONFIG='/usr/bin/pkg-config'
PKG_CONFIG_LIBDIR=''
PKG_CONFIG_PATH=''
PORT=''
PROTOBUF_CFLAGS='-pthread'
PROTOBUF_LIBS='-lprotobuf -pthread'
PROTOC='/usr/bin/protoc'
PTHREAD_CC='gcc'
PTHREAD_CFLAGS='-pthread'
PTHREAD_CXX='g++ -std=c++11'
PTHREAD_LIBS='-lpthread'
PYTHON='/usr/bin/python3'
PYTHONPATH=''
QR_CFLAGS=''
QR_LIBS='-lqrencode'
QTPLATFORM_CFLAGS=''
QTPLATFORM_LIBS=''
QTPRINT_CFLAGS=''
QTPRINT_LIBS=''
QTXCBQPA_CFLAGS=''
QTXCBQPA_LIBS=''
QT_CFLAGS='-DQT_NETWORK_LIB -DQT_PRINTSUPPORT_LIB -DQT_WIDGETS_LIB -DQT_GUI_LIB -DQT_CORE_LIB -I/usr/include/x86_64-linux-gnu/qt5/QtNetwork -I/usr/include/x86_64-linux-gnu/qt5 -I/usr/include/x86_64-linux-gnu/qt5/QtPrintSupport -I/usr/include/x86_64-linux-gnu/qt5 -I/usr/include/x86_64-linux-gnu/qt5/QtWidgets -I/usr/include/x86_64-linux-gnu/qt5 -I/usr/include/x86_64-linux-gnu/qt5/QtGui -I/usr/include/x86_64-linux-gnu/qt5 -I/usr/include/x86_64-linux-gnu/qt5/QtCore -I/usr/include/x86_64-linux-gnu/qt5'
QT_DBUS_CFLAGS='-DQT_DBUS_LIB -DQT_CORE_LIB -I/usr/include/x86_64-linux-gnu/qt5/QtDBus -I/usr/include/x86_64-linux-gnu/qt5 -I/usr/include/x86_64-linux-gnu/qt5/QtCore -I/usr/include/x86_64-linux-gnu/qt5'
QT_DBUS_INCLUDES='-DQT_DBUS_LIB -DQT_CORE_LIB -I/usr/include/x86_64-linux-gnu/qt5/QtDBus -I/usr/include/x86_64-linux-gnu/qt5 -I/usr/include/x86_64-linux-gnu/qt5/QtCore -I/usr/include/x86_64-linux-gnu/qt5'
QT_DBUS_LIBS='-lQt5DBus -lQt5Core'
QT_INCLUDES='-DQT_NETWORK_LIB -DQT_PRINTSUPPORT_LIB -DQT_WIDGETS_LIB -DQT_GUI_LIB -DQT_CORE_LIB -I/usr/include/x86_64-linux-gnu/qt5/QtNetwork -I/usr/include/x86_64-linux-gnu/qt5 -I/usr/include/x86_64-linux-gnu/qt5/QtPrintSupport -I/usr/include/x86_64-linux-gnu/qt5 -I/usr/include/x86_64-linux-gnu/qt5/QtWidgets -I/usr/include/x86_64-linux-gnu/qt5 -I/usr/include/x86_64-linux-gnu/qt5/QtGui -I/usr/include/x86_64-linux-gnu/qt5 -I/usr/include/x86_64-linux-gnu/qt5/QtCore -I/usr/include/x86_64-linux-gnu/qt5'
QT_LDFLAGS=''
QT_LIBS='-lQt5Network -lQt5PrintSupport -lQt5Widgets -lQt5Gui -lQt5Core'
QT_PIE_FLAGS='-fPIC'
QT_SELECT='qt5'
QT_TEST_CFLAGS='-DQT_TESTLIB_LIB -DQT_CORE_LIB -I/usr/include/x86_64-linux-gnu/qt5/QtTest -I/usr/include/x86_64-linux-gnu/qt5 -I/usr/include/x86_64-linux-gnu/qt5/QtCore -I/usr/include/x86_64-linux-gnu/qt5'
QT_TEST_INCLUDES='-DQT_TESTLIB_LIB -DQT_CORE_LIB -I/usr/include/x86_64-linux-gnu/qt5/QtTest -I/usr/include/x86_64-linux-gnu/qt5 -I/usr/include/x86_64-linux-gnu/qt5/QtCore -I/usr/include/x86_64-linux-gnu/qt5'
QT_TEST_LIBS='-lQt5Test -lQt5Core'
QT_TRANSLATION_DIR=''
RANLIB='/usr/bin/ranlib'
RCC='/usr/lib/x86_64-linux-gnu/qt5/bin/rcc'
RELDFLAGS=''
RSVG_CONVERT=''
SED='/usr/bin/sed'
SET_MAKE=''
SHELL='/bin/bash'
SSL_CFLAGS=''
SSL_LIBS='-lssl'
STRIP='/usr/bin/strip'
TARGET_DARWIN_FALSE=''
TARGET_DARWIN_TRUE='#'
TARGET_WINDOWS_FALSE=''
TARGET_WINDOWS_TRUE='#'
TESTDEFS=' -DBOOST_TEST_DYN_LINK'
TIFFCP=''
UIC='/usr/lib/x86_64-linux-gnu/qt5/bin/uic'
UNIVALUE_CFLAGS='-I$(srcdir)/univalue/include'
UNIVALUE_LIBS='univalue/libunivalue.la'
USE_LCOV_FALSE=''
USE_LCOV_TRUE='#'
USE_QRCODE=''
USE_QRCODE_FALSE='#'
USE_QRCODE_TRUE=''
USE_SCRYPT_SSE2_FALSE=''
USE_SCRYPT_SSE2_TRUE='#'
USE_UPNP=''
VERSION='1.0.1'
WINDOWS_BITS=''
WINDRES=''
WORDS_BIGENDIAN_FALSE=''
WORDS_BIGENDIAN_TRUE='#'
XGETTEXT='/usr/bin/xgettext'
ZMQ_CFLAGS='-isystem /usr/include/mit-krb5 -I/usr/include/pgm-5.2'
ZMQ_LIBS='-lzmq'
ac_ct_AR='ar'
ac_ct_CC='gcc'
ac_ct_CXX='g++'
ac_ct_DUMPBIN=''
ac_ct_OBJCXX=''
am__EXEEXT_FALSE=''
am__EXEEXT_TRUE='#'
am__fastdepCC_FALSE='#'
am__fastdepCC_TRUE=''
am__fastdepCXX_FALSE='#'
am__fastdepCXX_TRUE=''
am__fastdepOBJCXX_FALSE='#'
am__fastdepOBJCXX_TRUE=''
am__include='include'
am__isrc=''
am__leading_dot='.'
am__nodep='_no'
am__quote=''
am__tar='$${TAR-tar} chof - "$$tardir"'
am__untar='$${TAR-tar} xf -'
ax_pthread_config=''
bindir='${exec_prefix}/bin'
build='x86_64-pc-linux-gnu'
build_alias=''
build_cpu='x86_64'
build_os='linux-gnu'
build_vendor='pc'
datadir='${datarootdir}'
datarootdir='${prefix}/share'
docdir='${datarootdir}/doc/${PACKAGE_TARNAME}'
dvidir='${docdir}'
exec_prefix='${prefix}'
host='x86_64-pc-linux-gnu'
host_alias=''
host_cpu='x86_64'
host_os='linux-gnu'
host_vendor='pc'
htmldir='${docdir}'
includedir='${prefix}/include'
infodir='${datarootdir}/info'
install_sh='${SHELL} /root/floofy-public/build-aux/install-sh'
libdir='${exec_prefix}/lib'
libexecdir='${exec_prefix}/libexec'
localedir='${datarootdir}/locale'
localstatedir='${prefix}/var'
mandir='${datarootdir}/man'
mkdir_p='$(MKDIR_P)'
oldincludedir='/usr/include'
pdfdir='${docdir}'
prefix='/usr/local'
program_transform_name='s,x,x,'
psdir='${docdir}'
runstatedir='${localstatedir}/run'
sbindir='${exec_prefix}/sbin'
sharedstatedir='${prefix}/com'
subdirs=' src/univalue src/secp256k1'
sysconfdir='${prefix}/etc'
target_alias=''

## ----------- ##
## confdefs.h. ##
## ----------- ##

/* confdefs.h */
#define PACKAGE_NAME "Floofy Core"
#define PACKAGE_TARNAME "floofy"
#define PACKAGE_VERSION "1.0.1"
#define PACKAGE_STRING "Floofy Core 1.0.1"
#define PACKAGE_BUGREPORT "https://github.com/floofy/floofy/issues"
#define PACKAGE_URL "https://floofy.com/"
#define HAVE_CXX11 1
#define STDC_HEADERS 1
#define HAVE_SYS_TYPES_H 1
#define HAVE_SYS_STAT_H 1
#define HAVE_STDLIB_H 1
#define HAVE_STRING_H 1
#define HAVE_MEMORY_H 1
#define HAVE_STRINGS_H 1
#define HAVE_INTTYPES_H 1
#define HAVE_STDINT_H 1
#define HAVE_UNISTD_H 1
#define HAVE_DLFCN_H 1
#define LT_OBJDIR ".libs/"
#define HAVE_PTHREAD_PRIO_INHERIT 1
#define HAVE_PTHREAD 1
#define HAVE_DECL_STRERROR_R 1
#define HAVE_STRERROR_R 1
#define STRERROR_R_CHAR_P 1
#define HAVE_FUNC_ATTRIBUTE_VISIBILITY 1
#define HAVE_ENDIAN_H 1
#define HAVE_BYTESWAP_H 1
#define HAVE_STDIO_H 1
#define HAVE_STDLIB_H 1
#define HAVE_UNISTD_H 1
#define HAVE_STRINGS_H 1
#define HAVE_SYS_TYPES_H 1
#define HAVE_SYS_STAT_H 1
#define HAVE_SYS_SELECT_H 1
#define HAVE_SYS_PRCTL_H 1
#define HAVE_DECL_STRNLEN 1
#define HAVE_DECL_DAEMON 1
#define HAVE_DECL_LE16TOH 1
#define HAVE_DECL_LE32TOH 1
#define HAVE_DECL_LE64TOH 1
#define HAVE_DECL_HTOLE16 1
#define HAVE_DECL_HTOLE32 1
#define HAVE_DECL_HTOLE64 1
#define HAVE_DECL_BE16TOH 1
#define HAVE_DECL_BE32TOH 1
#define HAVE_DECL_BE64TOH 1
#define HAVE_DECL_HTOBE16 1
#define HAVE_DECL_HTOBE32 1
#define HAVE_DECL_HTOBE64 1
#define HAVE_DECL_BSWAP_16 1
#define HAVE_DECL_BSWAP_32 1
#define HAVE_DECL_BSWAP_64 1
#define HAVE_DECL___BUILTIN_CLZ 1
#define HAVE_DECL___BUILTIN_CLZL 1
#define HAVE_DECL___BUILTIN_CLZLL 1
#define HAVE_MSG_NOSIGNAL 1
#define HAVE_MALLOPT_ARENA_MAX 1
#define HAVE_VISIBILITY_ATTRIBUTE 1
#define HAVE_SYS_GETRANDOM 1
#define HAVE_GETENTROPY 1
#define HAVE_GETENTROPY_RAND 1
#define HAVE_MINIUPNPC_MINIWGET_H 1
#define HAVE_MINIUPNPC_MINIUPNPC_H 1
#define HAVE_MINIUPNPC_UPNPCOMMANDS_H 1
#define HAVE_MINIUPNPC_UPNPERRORS_H 1
#define HAVE_BOOST /**/
#define HAVE_BOOST_SYSTEM /**/
#define HAVE_BOOST_FILESYSTEM /**/
#define HAVE_BOOST_PROGRAM_OPTIONS /**/
#define HAVE_BOOST_THREAD /**/
#define HAVE_BOOST_CHRONO /**/
#define HAVE_BOOST_UNIT_TEST_FRAMEWORK /**/
#define ENABLE_ZMQ 1
#define HAVE_DECL_EVP_MD_CTX_NEW 1
#define HAVE_CONSENSUS_LIB 1
#define ENABLE_WALLET 1
#define USE_UPNP 0
#define USE_DBUS 1
#define USE_QRCODE 1
#define CLIENT_VERSION_MAJOR 1
#define CLIENT_VERSION_MINOR 0
#define CLIENT_VERSION_REVISION 1
#define CLIENT_VERSION_BUILD 0
#define CLIENT_VERSION_IS_RELEASE false
#define COPYRIGHT_YEAR 2025
#define COPYRIGHT_HOLDERS "The %s developers"
#define COPYRIGHT_HOLDERS_SUBSTITUTION "Bitcoin Core and Floofy Core"
#define COPYRIGHT_HOLDERS_FINAL "The Bitcoin Core and Floofy Core developers"
#define CURRENT_RELEASE_DATE "2025-02-19"
#define EXPECTED_DAYS_TO_NEXT_RELEASE 270

configure: exit 0
